POSE,A-ACE-49,A-ASP-50,A-LEU-51,A-VAL-52,A-SER-53,A-SER-54,A-TYR-55,A-LEU-56,A-THR-57,A-SER-58,A-NME-58,A-ACE-63,A-LEU-64,A-NME-64,A-ACE-67,A-PHE-68,A-VAL-69,A-GLU-70,A-ASP-71,A-TYR-72,A-TYR-73,A-PRO-74,A-NME-74,A-ACE-129,A-PHE-130,A-NME-130,A-ACE-131,A-ARG-132,A-NME-132,A-ACE-133,A-ILE-134,A-NME-134,A-ACE-149,A-PHE-150,A-VAL-151,A-PHE-152,A-ASP-153,A-THR-154,A-MET-155,A-GLY-156,A-ASP-157,A-SER-158,A-ALA-159,A-ASN-160,A-LEU-161,A-ILE-162,A-ILE-163,A-SER-164,A-LYS-165,A-NME-165,A-ACE-166,A-ILE-167,A-NME-167,A-ACE-171,A-LYS-172,A-ILE-173,A-ILE-174,A-ILE-175,A-ARG-176,A-THR-177,A-ASN-178,A-GLY-179,A-PHE-180,A-ASN-181,A-ALA-182,A-ARG-183,A-ASP-184,A-LYS-185,A-VAL-186,A-VAL-187,A-PRO-188,A-GLY-189,A-ALA-190,A-GLY-191,A-ALA-192,A-ILE-193,A-TYR-194,A-THR-195,A-LEU-196,A-ASP-197,A-GLN-198,A-LEU-199,A-GLU-200,A-GLY-201,A-HIS-202,A-ASN-203,A-PHE-204,A-ARG-205,A-TYR-206,A-MET-207,A-SER-208,A-HIS-209,A-GLU-210,A-HIS-211,A-TYR-212,A-GLY-213,A-SER-214,A-VAL-215,A-ILE-216,A-TYR-217,A-GLY-218,A-LEU-219,A-PRO-220,A-ILE-221,A-GLY-222,A-SER-223,A-LYS-224,A-LYS-225,A-PRO-226,A-ILE-227,A-LEU-228,A-MET-229,A-GLY-230,A-ASP-231,A-GLN-232,A-PHE-233,A-PRO-234,A-VAL-235,A-THR-236,A-VAL-237,A-ARG-238,A-ASP-239,A-ASP-240,A-ASN-241,A-TYR-242,A-ILE-243,A-THR-244,A-SER-245,A-LYS-246,A-SER-247,A-ARG-248,A-PRO-249,A-ALA-250,A-SER-251,A-GLY-252,A-THR-253,A-ILE-254,A-ALA-255,A-ILE-256,A-LYS-257,A-TYR-258,A-TRP-259,A-PRO-260,A-ILE-261,A-ASP-262,A-GLN-263,A-TYR-264,A-ALA-265,A-ASP-266,A-LYS-267,A-PHE-268,A-GLY-269,A-ASN-270,A-NME-270,A-ACE-279,A-TYR-280,A-LEU-281,A-LEU-282,A-ASN-283,A-ASP-284,A-ILE-285,A-ALA-286,A-MET-287,A-TRP-288,A-LEU-289,A-HIS-290,A-THR-291,A-GLY-292,A-LYS-293,A-ALA-294,A-ILE-295,A-VAL-296,A-VAL-297,A-PRO-298,A-LYS-299,A-ASP-300,A-THR-301,A-NME-301,A-ACE-309,A-ILE-310,A-NME-310,A-ACE-311,A-TYR-312,A-NME-312,A-ACE-321,A-TYR-322,A-ILE-323,A-LYS-324,A-GLY-325,A-ASP-326,A-PRO-327,A-GLU-328,A-NME-328,A-ACE-345,A-GLN-346,A-TYR-347,A-ARG-348,A-NME-348,A-ACE-349,A-ASN-350,A-NME-350,A-ACE-351,A-MET-352,A-GLY-353,A-NME-353,A-ACE-366,A-TYR-367,A-THR-368,A-ARG-369,A-PRO-370,A-TYR-371,A-THR-372,A-GLY-373,A-GLY-374,A-LEU-375,A-NME-375,A-ACE-376,A-ASN-377,A-ILE-378,A-NME-378,A-ACE-405,A-ARG-406,A-ILE-407,A-VAL-408,A-ALA-409,A-TYR-410,A-ASN-411,A-ASN-412,A-HIS-413,A-TYR-414,A-TYR-415,A-GLY-416,A-THR-417,A-THR-418,A-LYS-419,A-PRO-420,A-ARG-421,A-SER-422,A-ALA-423,A-ASP-424,A-HIS-425,A-LEU-426,A-VAL-427,A-TYR-428,A-PHE-429,A-GLY-430,A-PHE-431,A-TYR-432,A-THR-433,A-ASP-434,A-ASP-435,A-LEU-436,A-NME-436,A-ACE-437,A-ARG-438,A-NME-438,A-ACE-443,A-TYR-444,A-NME-444,A-ACE-448,A-ILE-449,A-NME-449,A-ACE-450,A-SER-451,A-ILE-452,A-LYS-453,A-ASP-454,A-MET-455,A-VAL-456,A-PHE-457,A-TYR-458,A-TYR-459,A-ALA-460,A-PHE-461,A-PRO-462,A-ASN-463,A-ASN-464,A-ALA-465,A-LEU-466,A-LYS-467,A-TYR-468,A-NME-468,A-ACE-481,A-LEU-482,A-ILE-483,A-LYS-484,A-LYS-485,A-ILE-486,A-ASN-487,A-GLU-488,A-LYS-489,A-TYR-490,A-TYR-491,A-ASP-492,A-PHE-493,A-ILE-494,A-ASP-495,A-VAL-496,A-PHE-497,A-ALA-498,A-TYR-499,A-LEU-500,A-TRP-501,A-GLY-502,A-THR-503,A-SER-504,A-LYS-505,A-MET-506,A-ASP-507,A-SER-508,A-VAL-509,A-GLU-510,A-LEU-511,A-THR-512,A-GLU-513,A-GLU-514,A-LEU-515,A-GLU-516,A-GLN-517,A-PHE-518,A-ILE-519,A-ARG-520,A-GLN-521,A-TYR-522,A-PHE-523,A-ASN-524,A-ASP-525,A-MET-526,A-ARG-527,A-HIS-528,A-LYS-529,A-GLU-530,A-PRO-531,A-TYR-532,A-THR-533,A-LYS-534,A-PHE-535,A-LEU-536,A-NME-536,A-ACE-558,A-TRP-559,A-NME-559,A-ACE-561,A-MET-562,A-VAL-563,A-LYS-564,A-LYS-565,A-ALA-566,A-SER-567,A-GLU-568,A-THR-569,A-ARG-570,A-ASP-571,A-ARG-572,A-VAL-573,A-LEU-574,A-GLN-575,A-GLU-576,A-PHE-577,A-LYS-578,A-GLU-579,A-SER-580,A-GLY-581,A-ASP-582,A-TYR-583,A-GLN-584,A-LEU-585,A-GLU-586,A-GLU-587,A-ASN-588,A-PHE-589,A-ARG-590,A-ASN-591,A-PHE-592,A-ILE-593,A-SER-594,A-ASN-595,A-GLU-596,A-ILE-597,A-GLU-598,A-LEU-599,A-ILE-600,A-GLN-601,A-SER-602,A-LEU-603,A-MET-604,A-ASN-605,A-TYR-606,A-NME-606,A-ACE-627,A-ILE-628,A-NME-628,A-ACE-630,A-ASN-631,A-ILE-632,A-NME-632,A-ACE-634,A-LYS-635,A-ILE-636,A-NME-636,A-ACE-637,A-LYS-638,A-ILE-639,A-LEU-640,A-GLY-641,A-NME-641,A-ACE-665,A-SER-666,A-LEU-667,A-NME-667,A-ACE-669,A-LEU-670,A-THR-671,A-LYS-672,A-PRO-673,A-LYS-674,A-GLU-675,A-TYR-676,A-GLU-677,A-LEU-678,A-NME-678,A-ACE-679,A-TYR-680,A-LEU-681,A-NME-681
pose001,-0.00,-0.00,0.00,0.00,0.00,-0.00,0.00,0.00,0.00,0.00,0.00,0.00,0.00,0.00,0.00,0.00,0.00,-0.00,0.00,0.00,-0.00,0.00,0.00,0.00,0.00,0.00,0.00,0.00,0.00,0.00,0.00,0.00,0.00,0.00,0.00,0.00,0.00,0.01,0.00,0.00,-0.00,0.00,0.00,0.01,0.00,0.00,-0.00,0.00,0.00,0.00,0.00,-0.00,0.00,0.00,0.00,0.00,0.00,-0.01,0.01,0.01,0.02,-0.12,0.21,-0.48,-0.59,-0.15,-0.02,0.01,0.00,0.00,-0.00,0.00,0.00,0.00,0.00,0.00,0.00,0.01,-0.00,-0.01,0.00,0.00,0.03,0.00,0.00,0.00,-0.00,0.00,0.00,0.00,-0.00,0.00,0.00,-0.01,-0.01,-0.02,-0.03,-0.00,-0.04,-1.30,-0.20,0.06,-0.47,-0.36,-0.00,0.01,0.01,0.01,-0.00,-0.01,-0.45,-0.61,-0.48,0.10,0.01,-0.01,-0.04,-0.06,-0.19,-1.21,-0.19,-0.02,-0.07,0.02,0.00,-0.02,0.00,0.00,0.00,0.01,0.02,-0.01,-0.00,0.01,0.01,0.02,-0.02,0.00,-0.04,0.03,-0.02,0.00,-0.00,-0.00,-0.01,0.00,0.00,-0.00,0.00,0.00,-0.00,-0.00,0.00,0.00,0.00,-0.00,0.00,0.00,0.00,0.00,-0.02,-0.01,-0.01,-0.00,-0.00,0.01,0.00,0.00,0.00,0.00,0.00,0.00,0.00,-0.00,0.01,0.01,0.00,-0.00,0.00,0.00,0.00,0.00,0.00,-0.00,0.00,0.00,0.00,0.00,0.00,0.00,0.00,0.01,0.00,0.00,0.00,0.00,0.00,0.00,0.00,0.00,0.00,0.00,0.00,0.00,0.00,0.00,0.00,0.00,0.01,0.00,-0.07,0.01,-0.00,0.00,0.00,0.00,0.00,0.00,-0.00,0.00,0.00,0.00,-0.00,0.00,0.00,0.00,0.00,0.00,0.00,0.00,0.00,0.00,0.00,0.00,0.00,0.00,0.01,0.00,0.00,0.00,0.00,0.00,0.00,0.01,-0.00,0.00,-0.00,-0.00,0.00,-0.00,0.00,0.00,0.00,0.00,0.00,0.00,0.00,0.00,0.00,0.00,0.00,0.00,0.00,0.00,0.00,0.00,0.00,0.00,0.00,0.00,-0.00,-0.00,0.00,0.00,0.00,0.00,0.00,0.00,0.00,0.00,-0.00,0.00,0.00,0.00,0.00,0.00,0.00,0.00,0.00,0.00,0.00,0.00,0.00,0.00,-0.00,0.00,0.00,0.00,-0.00,0.00,0.00,-0.00,0.00,0.00,0.00,0.00,0.00,0.00,0.00,0.01,-0.00,0.00,-0.00,0.01,0.00,0.01,-0.01,0.01,0.00,-0.00,0.00,0.03,0.01,-0.00,-0.39,0.36,-0.03,-0.02,0.01,0.01,0.04,0.00,0.00,0.00,0.00,0.00,0.00,-0.00,0.00,0.00,0.00,0.00,0.00,0.00,0.00,0.00,0.00,0.00,0.00,0.00,0.01,0.01,0.00,0.00,0.00,-0.00,0.00,0.01,0.00,0.00,0.00,0.00,0.00,0.01,0.00,0.00,0.00,0.00,-0.00,0.00,0.00,0.00,0.00,0.00,-0.00,0.00,0.00,0.00,-0.00,0.00,0.00,0.00,0.00,0.00,0.00,0.00,0.00,0.00,0.00,0.00,0.00,0.00,0.00,0.00,0.00,0.00,0.00,0.00,0.00,0.00,0.00,0.00,0.00,0.00,0.00,0.00,0.00,0.00,0.00,0.00,0.00,0.00,0.00,0.00,0.00,0.00,0.00,0.00,0.00,0.00,0.00,0.00,0.00,0.00,0.00
pose002,0.00,-0.00,0.00,-0.00,0.00,-0.00,0.00,0.00,0.00,0.00,0.00,0.00,0.00,0.00,0.00,0.00,-0.00,0.00,0.00,-0.00,0.00,-0.00,0.00,0.00,0.00,0.00,0.00,0.00,0.00,0.00,0.00,0.00,0.00,0.00,0.00,-0.00,0.00,0.00,0.00,0.00,0.01,0.00,0.00,0.00,0.00,0.00,0.00,0.00,0.00,0.00,0.00,-0.00,0.00,0.00,0.00,0.00,0.00,0.00,0.00,0.01,0.01,0.01,-0.00,0.01,-0.01,0.00,0.00,0.00,0.00,-0.00,0.00,0.00,0.00,0.00,0.00,0.00,0.00,0.00,-0.00,-0.00,0.00,0.00,0.06,0.00,0.00,0.00,0.00,0.00,0.00,0.01,-0.01,-0.03,-0.07,-0.07,-0.05,-0.50,-0.63,-0.06,-0.11,-3.13,0.04,-0.09,-1.29,-0.56,-0.01,0.01,0.01,0.01,-0.00,0.00,-0.03,0.00,0.00,0.05,0.01,-0.00,0.00,0.00,0.00,-0.23,0.02,0.02,0.97,0.04,-0.01,-0.43,0.00,-0.01,0.02,0.01,-0.31,-0.52,-0.12,-0.01,0.00,-0.03,-0.00,-0.00,-0.00,0.01,-0.00,0.00,-0.00,0.00,-0.00,0.00,0.00,0.00,0.00,0.00,0.00,0.00,0.00,0.00,0.00,0.00,0.00,0.00,0.00,0.00,0.00,-0.00,0.00,-0.00,0.00,0.00,0.00,0.00,0.00,0.00,0.00,0.00,0.00,-0.00,0.00,0.01,0.00,0.00,0.00,0.00,0.00,0.00,0.00,0.00,0.00,0.00,0.00,0.00,0.00,-0.00,0.00,0.01,0.00,0.00,0.00,0.00,0.00,0.00,0.00,0.00,-0.00,0.00,0.00,0.00,0.00,0.00,-0.00,0.00,0.00,0.00,0.00,0.00,0.00,0.00,-0.00,0.00,0.00,0.00,0.00,0.00,0.00,0.00,-0.00,-0.00,0.00,0.00,0.00,0.00,0.00,0.00,-0.00,0.00,0.00,0.00,0.00,0.00,0.01,0.00,-0.00,0.00,-0.00,-0.01,0.00,-0.03,-0.00,0.00,-0.02,-0.00,0.00,0.00,0.01,0.00,0.00,0.00,0.00,0.00,0.00,0.00,0.00,0.00,0.00,0.00,0.00,0.00,0.00,0.00,0.00,-0.00,0.00,-0.00,-0.00,0.00,0.00,-0.00,0.00,0.00,0.00,0.00,0.00,0.00,0.00,0.00,0.00,0.00,0.00,0.00,0.00,-0.00,0.00,0.00,0.00,-0.00,0.00,0.00,0.00,-0.00,0.00,0.00,-0.00,0.00,0.00,-0.00,-0.00,0.00,0.01,0.00,0.00,0.00,0.01,0.02,-0.00,0.01,-0.01,0.01,0.00,0.01,-0.02,0.01,0.00,-0.00,0.00,0.01,0.02,-0.00,-0.04,0.01,0.00,-0.00,0.00,0.00,0.01,0.00,0.00,0.00,0.00,0.00,0.00,0.00,0.00,0.00,0.00,0.00,0.00,0.00,0.00,0.00,0.00,0.00,-0.00,0.00,0.00,0.00,0.00,0.00,0.00,0.00,0.00,0.00,0.00,0.00,0.00,0.00,0.00,0.00,0.00,0.00,0.00,0.00,0.00,0.00,0.00,0.00,0.00,0.00,-0.00,0.00,0.00,0.00,0.00,0.00,0.00,0.00,0.00,0.00,0.00,0.00,0.00,0.00,0.00,0.00,0.00,0.00,0.00,0.00,0.00,0.00,0.00,0.00,0.00,0.00,0.00,0.00,0.00,0.00,0.00,0.00,0.00,0.00,0.00,0.00,0.00,0.00,0.00,0.00,0.00,0.01,0.00,0.00,0.01,0.00,0.00,0.00,0.00,-0.00,0.00
pose003,-0.00,-0.00,0.00,0.00,0.00,-0.00,-0.00,0.00,0.00,-0.00,0.00,0.00,0.00,0.00,0.00,0.00,0.00,0.00,0.00,0.00,-0.00,0.00,0.00,0.00,-0.00,0.00,0.00,0.00,0.00,0.00,-0.00,0.00,0.00,-0.00,0.00,0.00,0.00,0.01,0.01,-0.00,-0.01,0.00,0.00,0.01,-0.00,0.00,-0.00,0.00,-0.00,0.00,0.00,0.00,0.00,0.00,0.00,0.00,0.00,-0.00,0.01,0.01,0.02,0.01,-0.19,-0.62,-0.45,0.17,-0.01,0.01,0.00,0.00,-0.00,0.00,0.00,0.00,0.00,0.00,0.00,0.01,-0.00,-0.01,0.00,0.00,0.02,0.00,0.00,0.00,-0.00,0.00,0.00,0.00,0.00,0.00,0.01,-0.00,-0.01,-0.02,-0.01,0.01,-0.05,-0.60,-0.09,0.20,-0.33,-1.17,-0.05,-0.07,0.02,0.02,-0.04,-0.04,-0.74,-0.32,-0.34,0.94,0.02,-0.05,-0.05,-0.01,-0.12,-1.72,-0.09,-0.00,0.07,0.02,0.00,-0.00,0.00,0.00,0.00,0.00,0.02,0.00,-0.00,0.01,0.01,0.04,-0.05,0.02,-0.05,0.02,-0.03,0.00,-0.00,-0.00,-0.00,0.00,0.00,0.00,0.00,0.00,0.00,0.00,0.00,0.00,0.00,0.00,0.00,0.00,0.00,0.00,-0.01,-0.01,-0.00,-0.00,-0.00,0.01,0.00,0.00,0.00,0.00,0.00,0.00,-0.00,-0.00,0.00,0.01,0.00,0.00,0.00,-0.00,0.00,0.00,0.00,-0.00,0.00,0.00,0.00,0.00,0.00,0.00,-0.00,0.00,0.00,0.00,0.00,0.00,0.00,0.00,0.00,0.00,0.00,0.00,0.00,0.00,0.00,0.00,0.00,0.00,0.01,0.00,-0.05,0.01,-0.00,0.00,-0.00,-0.00,0.00,0.00,-0.00,0.00,0.00,-0.00,0.00,0.00,0.00,0.00,0.00,0.00,0.00,0.00,0.00,0.00,0.00,0.00,0.00,0.00,0.01,0.00,0.00,0.00,0.00,0.00,0.00,-0.01,-0.00,0.00,-0.00,0.00,0.00,-0.00,0.00,0.00,0.00,0.00,0.00,0.00,0.00,0.00,0.00,0.00,0.00,0.00,0.00,0.00,0.00,0.00,0.00,0.00,0.00,0.00,0.00,0.00,0.00,-0.00,0.00,0.00,0.00,0.00,0.00,0.00,0.00,0.00,0.00,0.00,0.00,0.00,0.00,0.00,0.00,0.00,0.00,0.00,0.00,0.00,-0.00,0.00,0.00,0.00,0.00,0.00,0.00,-0.00,-0.00,0.00,0.00,0.00,0.00,0.00,0.00,0.01,-0.00,0.00,0.00,0.00,0.00,0.01,-0.01,0.02,0.00,-0.00,0.00,0.02,0.01,-0.00,-0.49,-0.10,-0.02,-0.02,0.01,0.01,0.03,0.00,0.00,0.00,0.00,0.00,0.00,0.00,0.00,0.00,0.00,0.00,-0.00,0.00,0.00,0.00,0.00,0.00,0.00,0.00,0.01,0.00,0.00,0.00,0.00,-0.00,0.00,0.01,0.00,0.01,0.00,0.00,0.00,0.01,0.00,0.00,0.00,0.00,0.00,0.00,0.00,0.00,0.00,0.00,-0.00,0.00,0.00,-0.00,0.00,0.00,0.00,0.00,0.00,0.00,0.00,0.00,0.00,0.00,0.00,0.00,0.00,0.00,0.00,0.00,0.00,0.00,0.00,0.00,0.00,0.00,0.00,0.00,0.00,0.00,0.00,0.00,0.00,0.00,0.00,0.00,0.00,0.00,0.00,0.00,0.00,0.00,-0.00,0.00,0.00,0.00,0.00,-0.00,0.00,0.00,0.00
pose004,-0.00,-0.00,0.00,0.00,0.00,0.00,0.00,0.00,0.00,0.00,0.00,0.00,0.00,0.00,0.00,0.00,0.00,0.00,0.00,0.00,0.00,0.00,0.00,0.00,0.00,0.00,-0.00,0.00,0.00,0.00,0.00,0.00,0.00,0.00,0.00,0.00,0.00,0.00,0.00,-0.00,0.01,0.00,0.00,0.00,0.00,0.00,0.00,0.00,0.00,0.00,0.00,0.00,-0.00,0.00,0.00,0.00,0.00,-0.00,0.00,0.00,0.01,0.00,-0.00,0.01,-0.00,-0.06,0.00,0.00,-0.00,0.00,0.00,0.00,0.00,0.00,0.00,0.00,0.00,0.00,-0.00,-0.00,0.00,0.00,0.06,0.00,0.00,0.00,-0.00,0.00,0.00,0.01,-0.01,-0.01,-0.14,-0.12,-0.06,-0.52,-0.97,-0.08,-0.09,-2.63,0.08,-0.18,-1.07,-0.05,0.00,0.00,0.01,0.01,-0.00,0.00,-0.01,0.00,0.01,0.03,0.00,-0.00,0.00,0.00,0.00,-0.02,0.01,0.01,0.56,0.02,-0.01,-0.47,0.00,-0.02,0.02,0.01,-0.28,-0.42,-0.03,-0.02,0.00,-0.11,-0.01,-0.00,-0.00,0.01,0.00,0.00,0.00,0.00,0.00,0.00,-0.00,0.00,0.00,0.00,0.00,0.00,0.00,0.00,0.00,0.00,0.00,0.00,0.00,0.00,0.00,0.00,-0.00,0.00,0.00,0.00,0.00,0.00,0.00,0.00,0.00,0.00,0.00,-0.00,0.00,0.00,0.00,0.00,0.00,0.00,0.00,0.00,0.00,0.00,0.00,0.00,0.00,0.00,0.00,0.00,-0.00,0.01,0.00,0.00,0.00,0.00,0.00,0.00,0.00,0.00,0.00,0.00,0.00,0.00,0.00,0.00,0.00,0.00,0.00,0.00,-0.01,0.00,0.00,0.00,-0.00,0.00,0.00,0.00,0.00,0.00,0.00,0.00,0.00,0.00,0.00,0.00,0.00,0.00,0.00,0.00,-0.00,0.00,0.00,0.00,0.00,-0.00,0.01,0.00,-0.00,0.00,0.00,-0.01,0.01,-0.06,-0.00,0.00,-0.02,-0.00,0.00,0.00,0.01,0.00,-0.00,0.00,0.00,0.00,0.00,0.00,0.00,0.00,0.00,0.00,0.00,-0.00,-0.00,0.00,0.00,0.00,0.00,-0.00,0.00,0.00,0.00,0.00,0.00,0.00,0.00,-0.00,0.00,0.00,0.00,0.00,0.00,0.00,0.00,0.00,0.00,0.00,0.00,0.00,0.00,-0.00,0.00,0.00,-0.00,0.00,0.00,0.00,0.00,0.00,0.00,-0.00,0.00,0.00,0.01,0.00,0.01,0.00,0.01,0.03,-0.01,0.01,-0.03,0.01,0.01,0.01,-0.03,0.01,0.00,-0.00,0.00,0.01,0.01,0.00,-0.02,0.01,-0.00,0.00,0.00,0.00,0.00,0.00,0.00,0.00,0.00,0.00,0.00,0.00,0.00,0.00,0.00,0.00,0.00,0.00,0.00,0.00,0.00,0.00,0.00,0.00,0.00,0.00,0.00,0.00,0.00,-0.00,0.00,0.00,0.00,0.00,0.00,0.00,0.00,0.00,0.00,0.00,0.00,0.00,0.00,0.00,0.00,0.00,0.00,0.00,-0.00,0.00,0.00,0.00,0.00,0.00,0.00,0.00,0.00,0.00,0.00,0.00,0.00,0.00,0.00,0.00,0.00,0.00,0.00,0.00,0.00,0.00,0.00,0.00,0.00,0.00,0.00,0.00,0.00,0.00,0.00,0.00,0.00,0.00,0.00,0.00,0.00,0.00,0.00,0.00,0.00,0.01,0.00,0.00,0.01,0.00,0.00,0.00,0.00,0.00,0.00
pose005,-0.00,0.00,0.00,0.00,0.00,-0.00,-0.00,0.00,0.00,0.00,0.00,0.00,0.00,0.00,0.00,-0.00,0.00,0.00,0.00,-0.00,-0.00,0.00,0.00,0.00,0.00,0.00,0.00,0.00,0.00,0.00,0.00,-0.00,0.00,0.00,0.00,0.00,0.00,0.01,0.01,0.00,-0.00,0.00,0.00,0.01,0.00,-0.00,0.00,0.00,0.00,0.00,0.00,0.00,0.00,0.00,0.00,0.00,0.00,-0.00,0.01,0.02,0.04,0.07,-0.20,-0.33,-0.44,-0.02,-0.02,0.00,0.00,0.00,-0.00,0.00,0.00,0.00,0.00,0.00,0.00,0.00,-0.00,-0.01,0.00,0.00,0.03,0.00,0.00,0.00,-0.00,0.00,0.00,0.00,-0.00,0.00,0.01,-0.01,-0.01,-0.01,-0.02,-0.00,-0.04,-1.52,-0.16,0.31,-0.21,-0.26,0.00,0.00,0.01,0.02,-0.00,-0.01,-0.75,-0.53,-0.36,0.11,0.03,-0.04,-0.04,0.00,-0.16,-0.74,-0.15,-0.07,-0.20,0.01,-0.00,-0.06,0.00,0.00,0.01,0.00,0.01,-0.02,-0.00,0.01,0.01,-0.09,-0.04,0.02,-0.04,0.02,-0.02,0.00,-0.00,-0.00,-0.00,0.00,-0.00,-0.00,0.00,0.00,0.00,0.00,0.00,0.00,0.00,0.00,0.00,0.00,0.00,0.00,-0.00,-0.01,-0.01,-0.00,-0.00,0.01,0.00,0.00,0.00,0.00,0.00,0.00,0.00,-0.00,0.01,0.01,0.00,0.00,0.00,0.00,0.00,0.00,0.00,0.00,0.00,0.00,0.00,0.00,0.00,0.00,0.00,0.01,0.00,0.00,0.00,0.00,0.00,0.00,0.00,0.00,0.00,0.00,0.00,0.00,0.00,0.00,0.00,0.00,0.01,0.00,-0.09,0.00,-0.00,0.00,-0.00,0.00,0.00,0.00,-0.00,0.00,0.00,0.00,0.00,0.00,0.00,0.00,0.00,0.00,0.00,0.00,0.00,0.00,0.00,0.00,0.00,0.00,0.01,0.00,0.00,0.00,0.00,-0.00,0.00,0.01,-0.00,-0.00,-0.00,0.00,0.00,0.00,0.00,0.00,0.00,0.00,0.00,0.00,0.00,0.00,0.00,0.00,0.00,0.00,0.00,0.00,0.00,0.00,0.00,0.00,0.00,0.00,-0.00,-0.00,0.00,0.00,0.00,0.00,0.00,0.00,0.00,0.00,0.00,0.00,0.00,-0.00,0.00,0.00,0.00,-0.00,0.00,0.00,0.00,0.00,0.00,0.00,0.00,-0.00,0.00,0.00,0.00,0.00,0.00,-0.00,0.00,0.00,0.00,0.00,0.00,0.00,0.00,0.00,-0.00,0.00,-0.00,0.01,0.01,0.01,-0.01,0.01,0.00,-0.00,0.00,0.02,0.00,-0.00,-0.39,-0.11,-0.03,-0.03,0.01,0.01,0.03,0.00,0.00,0.00,0.00,0.00,0.00,0.00,0.00,0.00,0.00,0.00,0.00,0.00,0.00,0.00,0.00,0.00,0.00,0.00,0.01,0.00,0.00,0.00,0.00,-0.00,0.00,0.01,0.00,0.00,0.00,0.00,-0.00,0.01,0.00,0.00,0.00,0.00,0.00,0.00,0.00,0.00,0.00,0.00,-0.00,0.00,0.00,0.00,0.00,0.00,0.00,0.00,0.00,0.00,0.00,0.00,0.00,0.00,0.00,0.00,0.00,0.00,0.00,0.00,0.00,0.00,0.00,0.00,0.00,0.00,0.00,0.00,0.00,0.00,0.00,0.00,0.00,0.00,0.00,0.00,0.00,0.00,0.00,-0.00,0.00,0.00,0.00,0.00,0.00,0.00,0.00,0.00,0.00,0.00,0.00
pose006,0.00,0.00,0.00,-0.00,0.00,-0.00,0.00,0.00,0.00,-0.00,0.00,0.00,0.00,0.00,0.00,0.00,0.00,0.01,0.00,0.00,-0.00,0.00,0.00,0.00,0.00,0.00,0.00,0.00,0.00,0.00,-0.00,0.00,0.00,0.00,0.00,0.00,0.00,-0.00,0.00,0.00,0.00,0.00,0.00,0.00,-0.00,0.00,0.00,-0.00,0.00,0.00,0.00,0.00,0.00,0.00,0.00,0.00,0.00,0.00,0.00,0.00,0.00,0.00,0.00,0.00,0.00,0.01,0.02,0.00,-0.00,-0.19,0.02,-0.86,-1.27,-0.04,-0.08,-0.03,-0.58,0.00,-0.01,-0.01,0.01,-0.41,0.00,0.00,0.00,0.01,-0.01,0.00,-0.00,0.00,0.00,0.00,0.00,0.01,-0.00,0.00,-0.00,-0.01,-0.00,0.00,0.00,0.00,0.00,-0.00,0.00,0.00,0.00,0.01,0.00,-0.00,-0.00,0.00,0.00,0.00,0.00,0.00,0.00,0.00,-0.00,0.00,-0.00,0.00,0.00,0.00,0.00,0.00,0.00,0.00,0.00,0.00,0.00,0.00,0.00,0.00,0.00,0.00,0.00,-0.00,-0.00,0.01,-0.00,0.00,-0.00,0.00,-0.00,0.01,0.00,0.00,0.02,0.01,0.00,0.00,0.00,0.00,0.00,0.00,0.00,0.00,0.00,0.00,0.00,-0.00,0.00,-0.00,0.00,0.00,0.00,0.00,0.00,0.00,0.00,0.00,0.00,0.00,0.00,0.00,0.00,0.00,0.00,0.00,0.00,0.00,0.00,0.00,0.00,0.00,0.00,-0.00,0.00,0.00,0.00,0.00,0.00,0.00,0.00,0.00,0.00,0.00,0.00,0.00,0.00,0.00,0.00,0.00,0.00,0.00,0.00,0.00,0.00,0.00,0.00,0.00,0.00,0.00,0.00,0.00,0.00,0.00,0.00,0.00,0.00,0.00,0.00,0.00,0.00,0.00,0.00,0.00,-0.00,0.00,0.00,0.00,0.00,0.00,0.00,0.00,0.00,0.00,0.00,0.00,0.00,0.00,0.00,0.00,-0.00,0.00,-0.00,-0.00,0.00,0.00,0.00,0.00,0.00,0.00,0.00,0.00,0.00,0.00,0.00,0.00,0.00,0.00,0.00,0.00,0.00,0.00,0.00,0.00,-0.01,-0.00,0.00,0.01,0.01,-0.01,-0.00,0.00,0.00,0.00,0.00,0.01,0.00,0.00,0.00,-0.00,0.00,0.00,0.00,0.00,0.00,0.01,0.02,-0.02,-0.02,0.00,-0.08,-0.08,-0.80,-0.81,-0.05,-0.14,-1.01,-0.05,-0.01,-0.01,-0.01,0.01,0.01,0.00,0.00,0.00,-0.00,0.01,0.00,0.00,0.00,0.03,-0.00,0.01,0.00,-1.28,-1.15,-0.24,-0.04,0.14,-0.00,0.00,0.01,0.00,0.03,0.03,0.02,0.00,0.00,0.00,-0.00,0.00,0.00,0.00,0.00,0.00,0.00,0.00,0.00,0.00,0.00,0.00,0.00,0.00,0.00,0.00,0.00,0.00,0.00,0.00,-0.00,0.00,-0.00,0.00,0.00,0.00,0.00,0.00,0.00,0.01,0.00,0.01,-0.03,0.02,0.00,0.00,-0.16,-0.15,-0.00,-0.03,-0.78,-0.02,0.01,-0.00,-0.20,0.02,0.00,-0.00,0.01,0.00,0.00,-0.01,0.00,0.00,0.00,0.00,0.00,0.00,0.00,0.00,-0.00,0.00,0.00,0.01,0.00,0.00,0.00,0.00,0.00,0.00,0.00,0.00,0.00,0.00,0.00,0.00,0.00,0.00,0.00,-0.00,-0.00,0.00,-0.00,0.00,0.00,0.00,0.00,0.00,0.00,0.00,0.00
pose007,0.00,0.00,0.00,0.00,0.00,-0.00,0.00,-0.00,0.00,-0.00,0.00,0.00,0.00,0.00,0.00,0.00,0.00,0.00,-0.00,0.00,0.00,0.00,0.00,0.00,0.00,0.00,-0.00,0.00,0.00,0.00,0.00,0.00,0.00,0.00,0.00,0.00,0.00,0.01,0.01,-0.00,0.00,0.00,0.00,0.01,0.00,0.00,0.00,0.00,0.00,0.00,0.00,0.00,0.00,0.00,0.00,-0.00,0.00,0.00,0.01,0.01,0.02,0.02,-0.01,-0.16,-0.16,0.88,-0.02,0.00,0.00,0.00,0.00,0.00,0.00,-0.00,0.00,0.00,0.00,0.01,-0.00,-0.01,0.00,0.01,0.03,0.00,0.00,0.00,0.00,-0.00,0.00,0.00,0.00,0.01,0.01,-0.02,-0.02,-0.06,-0.10,-0.00,-0.10,-2.45,-0.23,-0.07,-1.09,-0.37,-0.00,0.01,0.01,0.01,-0.00,-0.00,-0.39,-0.02,-0.07,0.11,0.01,-0.01,-0.01,0.00,-0.01,-0.60,-0.25,-0.03,0.14,0.01,-0.00,-0.09,0.00,0.00,0.01,0.01,0.02,-0.03,-0.01,0.01,0.01,0.01,-0.02,0.02,-0.02,0.02,-0.01,-0.00,-0.00,0.00,-0.00,0.00,0.00,-0.00,0.00,-0.00,0.00,0.00,0.00,0.00,0.00,0.00,0.00,0.00,0.00,0.01,0.00,-0.00,-0.00,-0.00,-0.00,0.00,0.00,0.00,0.00,0.00,0.00,0.00,0.00,-0.00,0.00,0.01,0.00,-0.00,0.00,0.00,0.00,0.00,0.00,0.00,0.00,0.00,0.00,0.00,0.00,0.00,0.00,0.00,0.00,0.00,0.00,0.00,0.00,0.00,0.00,0.00,0.00,0.00,0.00,-0.00,0.00,0.00,0.00,0.00,0.01,0.00,-0.11,0.00,-0.00,0.00,0.00,-0.00,0.00,0.00,0.00,0.00,0.00,-0.00,0.00,0.00,0.00,0.00,0.00,0.00,0.00,0.00,0.00,0.00,0.00,0.00,0.00,0.00,0.01,0.00,0.00,0.00,0.00,-0.00,0.00,0.02,-0.00,-0.00,-0.00,0.00,0.00,-0.00,0.00,0.00,0.00,0.00,0.00,0.00,0.00,0.00,0.00,0.00,0.00,0.00,0.00,0.00,0.00,0.00,0.00,0.00,0.00,0.00,0.00,0.00,-0.00,0.00,-0.00,0.00,0.00,0.00,0.00,0.00,0.00,0.00,0.00,0.00,0.00,0.00,0.00,0.00,0.00,0.00,0.00,0.00,0.00,0.00,-0.00,-0.00,0.00,0.00,0.00,0.00,0.00,-0.00,0.00,0.00,0.01,0.00,0.00,0.00,0.00,0.01,-0.00,0.01,-0.00,0.01,0.00,0.01,-0.02,0.01,0.00,-0.00,0.00,0.02,0.02,-0.00,-0.59,-0.02,-0.01,-0.01,0.01,0.01,0.02,0.00,-0.00,-0.00,0.00,-0.00,0.00,-0.00,-0.00,0.00,0.00,0.00,0.00,0.00,0.00,-0.00,0.00,0.00,0.00,0.00,0.01,0.00,0.00,0.00,0.00,0.00,-0.00,0.01,0.00,0.00,-0.00,0.00,0.00,0.00,0.00,0.00,0.00,0.00,-0.00,0.00,0.00,0.00,0.00,0.00,0.00,-0.00,0.00,0.00,0.00,0.00,0.00,0.00,0.00,0.00,0.00,0.00,0.00,0.00,0.00,0.00,0.00,0.00,0.00,0.00,0.00,0.00,0.00,0.00,0.00,0.00,0.00,-0.00,0.00,0.00,0.00,0.00,0.00,0.00,0.00,0.00,0.00,-0.00,0.00,0.00,0.00,0.01,0.00,0.00,0.00,0.00,0.00,0.00,-0.00,0.00,0.00
pose008,-0.00,0.00,0.00,0.00,0.00,-0.00,0.00,0.00,0.00,0.00,0.00,0.00,-0.00,0.00,0.00,-0.00,0.00,0.01,0.00,0.00,-0.00,0.00,0.00,0.00,0.00,0.00,0.00,0.00,0.00,0.00,0.00,0.00,0.00,0.00,0.00,0.00,0.00,0.00,0.00,0.00,0.00,0.00,-0.00,0.00,0.00,0.00,0.00,0.00,0.00,0.00,0.00,0.00,0.00,0.00,0.00,0.00,0.00,0.00,0.00,0.00,0.00,0.00,0.00,0.00,0.00,0.01,0.02,0.00,-0.01,-0.32,0.25,-0.17,-0.88,-0.01,-0.05,-0.03,-0.18,-0.00,-0.01,-0.00,0.01,-0.18,0.00,0.00,0.00,0.00,-0.00,0.00,0.00,0.00,0.00,0.00,0.00,0.01,-0.00,-0.00,-0.00,-0.01,0.00,0.00,0.01,0.00,-0.00,-0.00,0.00,0.00,0.00,0.01,0.00,-0.00,-0.00,0.00,0.00,0.00,0.00,0.00,-0.00,0.00,0.00,0.00,0.00,0.00,0.00,0.00,0.00,0.00,0.00,0.00,0.00,-0.00,0.00,-0.00,0.00,0.00,0.00,0.00,0.00,0.00,-0.00,0.01,-0.00,0.00,-0.00,-0.00,0.00,0.01,-0.00,0.00,0.03,0.01,0.00,0.00,0.00,0.00,0.00,-0.00,0.00,-0.00,0.00,0.00,-0.00,-0.00,-0.00,0.00,0.00,0.00,0.00,0.00,0.00,0.00,0.00,0.00,0.00,0.00,0.00,0.00,0.00,0.00,0.00,0.00,0.00,0.00,0.00,0.00,0.00,0.00,0.00,0.00,0.00,0.00,0.00,0.00,0.00,0.00,0.00,0.00,0.00,0.00,0.00,0.00,0.00,0.00,0.00,0.00,0.00,0.00,0.00,0.00,0.00,0.00,-0.00,0.00,0.00,0.00,0.00,0.00,0.00,0.00,0.00,0.00,0.00,0.00,0.00,0.00,0.00,-0.00,0.00,0.00,0.00,0.00,0.00,0.00,0.00,0.00,0.00,0.00,0.00,0.00,0.00,0.00,0.00,0.00,0.00,0.00,-0.00,0.00,-0.00,0.00,0.00,0.00,-0.00,0.00,0.00,0.00,0.00,0.00,0.00,-0.00,0.00,0.00,0.00,0.00,0.00,0.00,0.00,0.00,0.00,0.00,-0.00,-0.00,0.00,0.00,0.00,-0.00,0.00,-0.00,0.00,0.00,0.00,0.01,-0.00,0.00,0.00,0.00,0.00,0.00,0.00,0.00,0.00,0.01,0.02,-0.01,-0.01,0.00,-0.03,-0.05,-0.73,-0.39,-0.05,-0.13,-1.12,-0.04,-0.01,-0.01,-0.01,0.01,0.01,0.00,0.00,0.00,-0.00,0.01,0.00,0.00,0.00,0.03,-0.01,0.01,-0.00,-1.75,-1.38,-0.54,-0.10,-0.03,-0.01,0.00,0.01,0.00,0.04,0.03,0.02,0.00,0.00,0.00,0.00,0.00,0.00,0.00,0.00,0.00,0.00,0.00,0.00,0.00,0.00,0.00,0.00,0.00,0.00,0.00,0.00,-0.00,0.00,-0.00,0.00,-0.00,-0.00,0.00,0.00,0.00,0.00,0.00,0.00,0.01,0.01,0.02,-0.04,0.02,0.01,0.00,-0.24,0.04,-0.00,-0.03,-0.72,-0.02,0.01,-0.00,-0.18,0.02,-0.00,-0.00,0.01,0.00,0.00,-0.00,0.00,0.00,0.00,0.00,0.00,0.00,0.00,0.00,0.00,0.00,0.00,0.01,0.00,-0.00,0.00,0.00,0.00,-0.00,0.00,0.00,0.00,0.00,0.00,0.00,0.00,-0.00,0.00,0.00,0.00,0.00,0.00,0.00,0.00,0.00,0.00,0.00,0.00,0.00,0.00
pose009,-0.00,0.00,0.00,0.00,0.00,0.00,0.00,0.00,0.00,0.00,0.00,0.00,0.00,0.00,0.00,0.00,0.00,0.01,0.00,0.00,-0.00,0.00,0.00,0.00,0.00,0.00,0.00,0.00,0.00,0.00,0.00,0.00,0.00,0.00,0.00,0.00,0.00,0.00,0.00,0.00,0.00,0.00,0.00,0.00,0.00,0.00,-0.00,0.00,0.00,0.00,0.00,0.00,0.00,0.00,0.00,0.00,0.00,0.00,0.00,0.00,0.00,0.00,0.00,0.00,0.00,0.01,0.01,0.00,-0.01,-0.21,0.40,-0.60,-0.79,-0.01,-0.05,-0.02,-0.47,0.00,-0.01,-0.01,0.01,-0.32,0.00,0.00,0.00,0.01,-0.01,0.00,0.00,0.00,0.00,0.00,0.00,0.01,-0.00,0.00,-0.00,-0.02,-0.00,0.00,0.01,0.00,0.00,0.00,0.00,0.00,0.00,0.01,0.00,-0.00,-0.00,0.00,0.00,0.00,0.00,-0.00,-0.00,0.00,0.00,0.00,0.00,0.00,0.00,-0.00,0.00,0.00,0.00,0.00,0.00,0.00,0.00,0.00,0.00,0.00,0.00,0.00,0.00,0.00,0.00,0.01,-0.00,0.00,-0.00,0.00,-0.00,0.01,0.00,-0.00,0.02,0.01,0.00,0.00,0.00,0.00,0.00,-0.00,0.00,-0.00,0.00,0.00,0.00,0.00,0.00,0.00,-0.00,0.00,0.00,0.00,0.00,0.00,0.00,0.00,0.00,0.00,0.00,0.00,0.00,0.00,0.00,0.00,0.00,0.00,0.00,0.00,0.00,0.00,0.00,0.00,0.00,0.00,0.00,0.00,0.00,0.00,0.00,0.00,0.00,0.00,0.00,0.00,0.00,0.00,0.00,0.00,0.00,0.00,0.00,0.00,0.00,0.00,0.00,0.00,0.00,0.00,0.00,0.00,0.00,0.00,0.00,-0.00,0.00,0.00,0.00,0.00,0.00,0.00,0.00,0.00,0.00,-0.00,0.00,0.00,0.00,0.00,0.00,0.00,0.00,0.00,0.00,0.00,0.00,0.00,0.00,0.00,-0.00,0.00,-0.00,0.00,0.00,0.00,0.00,0.00,0.00,0.00,0.00,0.00,0.00,0.00,0.00,0.00,0.00,0.00,0.00,0.00,0.00,0.00,0.00,0.00,-0.01,-0.00,-0.00,0.01,0.01,-0.00,-0.00,0.00,0.00,0.00,0.00,0.01,0.00,0.00,0.00,0.00,0.00,0.00,0.00,0.00,0.00,0.01,0.02,-0.01,-0.01,0.01,-0.07,-0.08,-0.92,-0.79,-0.06,-0.12,-1.29,-0.05,-0.01,-0.02,-0.01,0.02,0.01,0.00,0.00,0.00,0.00,0.01,0.00,0.00,0.00,0.04,-0.01,0.01,-0.00,-1.16,-1.33,-0.08,-0.06,0.07,0.00,0.00,0.00,0.00,0.03,0.02,0.01,0.00,-0.00,0.00,0.00,0.00,0.00,-0.00,0.00,0.00,0.00,0.00,0.00,0.00,0.00,0.00,0.00,0.00,0.00,0.00,0.00,0.00,0.00,-0.00,0.00,0.00,0.00,0.00,0.00,0.00,0.00,0.00,0.00,0.01,0.01,0.01,-0.03,0.03,0.00,0.00,-0.77,-0.65,-0.03,-0.07,-1.02,-0.03,0.01,0.00,-0.16,0.02,0.00,-0.00,0.01,0.00,0.00,-0.00,0.00,0.00,0.00,0.00,-0.00,0.00,0.00,0.00,0.00,0.00,0.00,0.01,0.00,0.00,0.00,0.00,-0.00,0.00,0.00,0.00,0.00,0.00,0.00,0.00,0.00,0.00,-0.00,0.00,0.00,0.00,0.00,0.00,0.00,0.00,0.00,0.00,0.00,0.00,0.00
pose010,-0.00,0.00,0.00,0.00,0.00,0.00,-0.00,0.00,-0.00,0.00,-0.00,0.00,-0.00,0.00,0.00,0.00,0.00,0.01,0.00,0.00,-0.00,0.00,0.00,0.00,0.00,0.00,0.00,0.00,0.00,0.00,0.00,0.00,0.00,0.00,0.00,-0.00,0.00,0.00,0.00,0.00,0.00,0.00,0.00,0.00,0.00,0.00,-0.00,0.00,0.00,0.00,0.00,0.00,0.00,0.00,0.00,0.00,0.00,0.00,-0.00,0.00,0.00,0.00,0.00,0.00,0.00,0.02,0.02,0.00,-0.03,-0.53,0.95,-0.28,-0.58,-0.01,-0.02,-0.04,-0.05,-0.01,-0.00,-0.00,0.01,-0.03,0.01,0.00,0.00,0.00,0.00,0.00,0.00,0.00,-0.00,0.00,0.00,0.01,0.00,0.00,-0.00,-0.01,0.01,0.00,0.01,0.00,0.00,0.00,0.00,0.00,0.00,0.01,0.00,-0.00,-0.00,0.00,0.00,0.00,0.00,0.00,0.00,0.00,0.00,0.00,0.00,0.00,0.00,0.00,0.00,0.00,0.00,0.00,0.00,0.00,0.00,-0.00,0.00,0.00,0.00,-0.00,0.00,0.00,0.00,0.01,-0.00,0.00,-0.00,-0.00,-0.00,0.02,-0.00,-0.00,0.04,0.01,0.00,-0.00,0.00,0.00,0.00,0.00,0.00,-0.00,0.00,0.00,0.00,-0.00,-0.00,0.00,0.00,0.00,0.00,0.00,0.00,0.00,0.00,0.00,0.00,0.00,0.00,0.00,0.00,0.00,0.00,0.00,0.00,0.00,0.00,0.00,0.00,0.00,0.00,0.00,0.00,0.00,0.00,0.00,0.00,0.00,0.00,0.00,0.00,0.00,0.00,0.00,0.00,0.00,0.00,0.00,0.00,0.00,0.00,0.00,0.00,0.00,-0.00,0.00,0.00,0.00,0.00,0.00,0.00,0.00,-0.00,0.00,0.00,0.00,0.00,0.00,0.00,0.00,0.00,0.00,0.00,0.00,0.00,0.00,0.00,0.00,0.00,0.00,0.00,0.00,0.00,0.00,0.00,0.00,0.00,0.00,-0.00,0.00,0.00,0.00,0.00,0.00,0.00,0.00,0.00,0.00,0.00,0.00,0.00,0.00,0.00,0.00,0.00,0.00,0.00,0.00,0.00,0.00,0.00,-0.00,-0.00,0.00,-0.00,0.00,0.00,-0.00,0.00,0.00,0.00,0.00,0.00,0.01,0.00,0.00,0.00,0.00,-0.00,0.00,0.00,0.00,0.00,0.01,0.02,-0.00,0.00,0.00,-0.01,-0.02,-0.07,-0.03,-0.01,-0.03,-0.39,-0.01,-0.00,-0.01,-0.01,0.01,0.01,-0.00,0.00,0.00,-0.00,0.01,0.00,0.00,0.00,0.04,-0.01,0.01,0.00,-1.50,-1.91,-0.69,-0.16,-0.11,-0.01,0.00,0.01,-0.00,0.08,0.04,0.03,0.00,0.00,0.01,0.00,0.00,0.00,-0.00,0.00,0.00,0.00,0.00,0.00,0.00,0.00,0.00,0.00,0.00,0.00,0.00,0.00,0.00,0.00,-0.00,0.00,0.00,-0.00,0.00,0.00,0.00,0.00,0.00,0.00,0.01,0.01,0.02,-0.04,0.03,0.00,0.01,-0.48,-0.15,-0.02,-0.04,-0.77,-0.03,0.01,0.00,-0.08,0.02,0.00,-0.00,0.01,0.00,0.00,-0.00,-0.00,-0.00,0.00,0.00,0.00,0.00,0.00,0.00,0.00,0.00,0.00,0.01,0.00,0.00,0.00,0.00,0.00,0.00,0.00,-0.00,0.00,0.00,0.00,0.00,0.00,0.00,0.00,0.00,0.00,0.00,-0.00,0.00,0.00,0.00,0.00,0.00,0.00,0.00,0.00
