POSE,A-ACE-10,A-PHE-11,A-PHE-11,A-NME-11,A-ACE-37,A-TRP-38,A-TRP-38,A-NME-38,A-ACE-48,A-PHE-49,A-PHE-49,A-SER-50,A-SER-50,A-LEU-51,A-LEU-51,A-VAL-52,A-VAL-52,A-SER-53,A-SER-53,A-SER-54,A-SER-54,A-PHE-55,A-PHE-55,A-GLN-56,A-GLN-56,A-THR-57,A-THR-57,A-SER-58,A-SER-58,A-PHE-59,A-PHE-59,A-TYR-60,A-TYR-60,A-SER-61,A-SER-61,A-NME-61,A-ACE-63,A-LEU-64,A-LEU-64,A-NME-64,A-ACE-67,A-TYR-68,A-TYR-68,A-GLU-69,A-GLU-69,A-LYS-70,A-LYS-70,A-ASP-71,A-ASP-71,A-TYR-72,A-TYR-72,A-TYR-73,A-TYR-73,A-PRO-74,A-PRO-74,A-THR-75,A-THR-75,A-ALA-76,A-ALA-76,A-NME-76,A-ACE-78,A-PHE-79,A-PHE-79,A-NME-79,A-ACE-129,A-PHE-130,A-PHE-130,A-NME-130,A-ACE-131,A-ARG-132,A-ARG-132,A-NME-132,A-ACE-153,A-THR-154,A-THR-154,A-MET-155,A-MET-155,A-GLY-156,A-GLY-156,A-ASP-157,A-ASP-157,A-SER-158,A-SER-158,A-ALA-159,A-ALA-159,A-ASN-160,A-ASN-160,A-LEU-161,A-LEU-161,A-NME-161,A-ACE-162,A-ILE-163,A-ILE-163,A-NME-163,A-ACE-174,A-LEU-175,A-LEU-175,A-NME-175,A-ACE-176,A-THR-177,A-THR-177,A-ASN-178,A-ASN-178,A-GLY-179,A-GLY-179,A-PHE-180,A-PHE-180,A-THR-181,A-THR-181,A-ALA-182,A-ALA-182,A-LEU-183,A-LEU-183,A-ASP-184,A-ASP-184,A-GLN-185,A-GLN-185,A-GLU-186,A-GLU-186,A-VAL-187,A-VAL-187,A-GLN-188,A-GLN-188,A-VAL-189,A-VAL-189,A-LEU-190,A-LEU-190,A-GLY-191,A-GLY-191,A-LYS-192,A-LYS-192,A-PRO-193,A-PRO-193,A-PHE-194,A-PHE-194,A-THR-195,A-THR-195,A-LEU-196,A-LEU-196,A-ASP-197,A-ASP-197,A-GLN-198,A-GLN-198,A-LEU-199,A-LEU-199,A-GLU-200,A-GLU-200,A-SER-201,A-SER-201,A-PRO-202,A-PRO-202,A-ASN-203,A-ASN-203,A-PHE-204,A-PHE-204,A-ARG-205,A-ARG-205,A-TYR-206,A-TYR-206,A-VAL-207,A-VAL-207,A-SER-208,A-SER-208,A-SER-209,A-SER-209,A-GLU-210,A-GLU-210,A-LEU-211,A-LEU-211,A-TYR-212,A-TYR-212,A-ASP-213,A-ASP-213,A-ARG-214,A-ARG-214,A-LEU-215,A-LEU-215,A-MET-216,A-MET-216,A-MET-217,A-MET-217,A-SER-218,A-SER-218,A-PRO-219,A-PRO-219,A-VAL-220,A-VAL-220,A-TYR-221,A-TYR-221,A-PRO-222,A-PRO-222,A-ARG-223,A-ARG-223,A-THR-224,A-THR-224,A-VAL-225,A-VAL-225,A-ASN-226,A-ASN-226,A-PRO-227,A-PRO-227,A-ALA-228,A-ALA-228,A-VAL-229,A-VAL-229,A-SER-230,A-SER-230,A-TYR-231,A-TYR-231,A-ASN-232,A-ASN-232,A-GLN-233,A-GLN-233,A-PHE-234,A-PHE-234,A-PRO-235,A-PRO-235,A-LEU-236,A-LEU-236,A-ILE-237,A-ILE-237,A-ARG-238,A-ARG-238,A-ARG-239,A-ARG-239,A-ASP-240,A-ASP-240,A-PHE-241,A-PHE-241,A-SER-242,A-SER-242,A-TRP-243,A-TRP-243,A-VAL-244,A-VAL-244,A-ASP-245,A-ASP-245,A-SER-246,A-SER-246,A-LYS-247,A-LYS-247,A-SER-248,A-SER-248,A-SER-249,A-SER-249,A-PRO-250,A-PRO-250,A-PRO-251,A-PRO-251,A-ASN-252,A-ASN-252,A-GLY-253,A-GLY-253,A-LEU-254,A-LEU-254,A-ILE-255,A-ILE-255,A-ALA-256,A-ALA-256,A-ILE-257,A-ILE-257,A-LYS-258,A-LYS-258,A-TYR-259,A-TYR-259,A-TRP-260,A-TRP-260,A-PRO-261,A-PRO-261,A-ILE-262,A-ILE-262,A-ASP-263,A-ASP-263,A-GLN-264,A-GLN-264,A-TYR-265,A-TYR-265,A-TYR-266,A-TYR-266,A-TYR-267,A-TYR-267,A-HIS-268,A-HIS-268,A-PHE-269,A-PHE-269,A-ASN-270,A-ASN-270,A-NME-270,A-ACE-279,A-GLY-280,A-GLY-280,A-TYR-281,A-TYR-281,A-LEU-282,A-LEU-282,A-LEU-283,A-LEU-283,A-ASN-284,A-ASN-284,A-ASP-285,A-ASP-285,A-ILE-286,A-ILE-286,A-ALA-287,A-ALA-287,A-MET-288,A-MET-288,A-TRP-289,A-TRP-289,A-LEU-290,A-LEU-290,A-HIS-291,A-HIS-291,A-NME-291,A-ACE-296,A-LEU-297,A-LEU-297,A-NME-297,A-ACE-328,A-GLU-329,A-GLU-329,A-NME-329,A-ACE-347,A-TYR-348,A-TYR-348,A-ARG-349,A-ARG-349,A-NME-349,A-ACE-352,A-MET-353,A-MET-353,A-NME-353,A-ACE-366,A-GLY-367,A-GLY-367,A-TYR-368,A-TYR-368,A-THR-369,A-THR-369,A-ARG-370,A-ARG-370,A-PRO-371,A-PRO-371,A-PHE-372,A-PHE-372,A-THR-373,A-THR-373,A-GLY-374,A-GLY-374,A-GLY-375,A-GLY-375,A-LEU-376,A-LEU-376,A-ALA-377,A-ALA-377,A-ASN-378,A-ASN-378,A-ILE-379,A-ILE-379,A-THR-380,A-THR-380,A-GLU-381,A-GLU-381,A-MET-382,A-MET-382,A-GLN-383,A-GLN-383,A-NME-383,A-ACE-410,A-TYR-411,A-TYR-411,A-NME-411,A-ACE-413,A-HIS-414,A-HIS-414,A-TYR-415,A-TYR-415,A-TYR-416,A-TYR-416,A-GLY-417,A-GLY-417,A-NME-417
pose001,0.00,0.00,0.00,0.00,0.00,0.00,-0.00,0.00,0.01,0.02,0.04,0.04,0.04,0.02,-0.04,0.03,0.01,0.01,0.00,0.00,0.00,0.00,0.00,0.00,0.00,0.01,0.00,-0.01,0.05,0.02,0.02,0.01,0.00,0.00,0.00,-0.00,0.00,0.00,0.00,0.00,0.00,0.00,0.00,-0.00,0.00,0.00,0.01,0.02,0.01,0.00,0.00,0.01,0.01,0.00,-0.00,0.00,0.00,0.00,0.00,0.00,0.00,0.00,0.00,0.01,0.04,0.08,0.17,-0.14,0.57,0.24,0.18,0.14,0.07,0.02,0.01,0.01,-0.06,0.02,0.12,0.52,0.52,0.59,0.21,6.83,1.38,0.32,0.16,0.08,0.16,-0.09,0.04,0.02,0.01,0.03,0.03,0.17,0.32,0.16,0.12,0.51,-0.23,0.25,0.39,-0.42,0.13,0.09,0.04,-0.70,0.00,0.00,0.00,0.01,0.03,0.05,0.05,0.05,-0.01,-0.00,0.01,0.00,0.00,0.02,-0.02,-0.03,0.01,0.04,0.01,0.02,0.01,0.01,0.01,-0.01,0.04,0.25,0.07,0.07,0.02,0.07,0.10,0.04,0.06,0.21,-0.02,0.10,0.05,0.03,0.02,0.02,-0.03,0.02,0.01,0.01,0.00,0.00,-0.00,0.00,0.00,0.00,0.00,0.01,0.01,0.01,0.03,0.03,0.02,0.01,0.01,0.01,0.00,-0.00,0.00,0.00,0.00,0.00,0.00,0.00,0.00,0.00,-0.01,0.00,-0.00,0.00,0.00,-0.00,0.00,0.00,0.01,-0.09,0.07,0.59,-0.13,0.04,0.03,0.01,0.02,0.03,0.02,0.00,0.00,0.00,-0.01,0.00,0.00,0.01,0.00,-0.00,0.01,0.03,0.01,0.00,0.00,0.00,0.00,0.00,0.00,-0.07,0.00,0.01,0.01,0.02,0.03,0.13,0.13,0.13,0.07,0.09,0.03,0.01,0.03,0.01,0.01,0.00,-0.02,-0.00,-0.00,0.01,0.00,-0.00,0.00,0.00,-0.00,0.00,0.00,-0.00,0.00,0.01,-0.01,0.01,0.03,0.04,0.01,0.03,0.12,0.10,0.05,0.07,0.02,0.02,0.01,0.01,-0.05,0.01,-0.00,-0.00,0.01,0.00,0.00,-0.01,0.02,0.01,0.01,-0.02,0.01,0.02,0.03,0.10,0.03,0.04,0.11,0.07,0.07,-1.44,0.09,0.03,0.03,0.06,-0.01,0.00,0.01,0.01,0.01,0.03,0.03,0.08,0.07,0.04,0.01,0.12,0.05,0.03,0.04,0.00,-0.42,0.25,0.99,0.22,0.03,0.09,0.02,-0.05,0.02,-0.05,0.00,0.00,0.00,-0.01,0.00,0.00,0.00,0.00,0.00,0.00,0.00,0.00,0.00,0.00,0.00,0.01,0.00,0.00,0.00,0.00,0.00,0.01,3.75,0.00,0.00,0.04,0.01,0.00,-0.03,0.01,0.01,0.00,0.00,0.02,0.00,0.00,0.00,0.00,0.00,-0.00,0.00,0.00,0.00,0.00,0.00,0.00,0.00,0.00,0.01,0.00,0.00,0.02,0.01,0.00,0.00,0.01,0.00,0.00,-0.00,0.01,-0.01,-0.00,0.00,0.00,0.00,0.00,0.00,0.00,0.00,0.00
pose002,0.00,0.00,0.00,0.00,0.00,0.00,0.00,0.00,0.01,0.02,0.04,0.04,0.04,0.02,-0.04,0.03,0.01,0.01,0.00,0.00,0.00,0.00,0.00,0.00,-0.00,0.01,0.01,-0.01,0.05,0.02,0.02,0.01,0.00,0.00,0.00,0.00,0.00,0.00,0.00,0.00,0.00,0.00,0.00,0.00,0.00,0.00,0.01,0.02,0.01,0.00,0.00,0.01,0.01,-0.00,-0.00,0.00,-0.00,-0.00,0.00,0.00,0.00,0.00,0.00,0.01,0.04,0.10,0.16,0.28,0.65,0.28,0.19,0.04,0.10,-0.01,0.02,0.02,-0.06,0.03,0.12,0.60,0.58,0.71,0.38,7.65,1.83,0.26,0.14,0.08,0.15,-0.08,0.03,0.01,0.01,0.03,0.03,0.14,0.20,0.12,0.14,1.01,-0.62,0.21,0.33,-0.29,0.10,0.07,0.04,-0.52,0.00,0.00,0.00,0.01,0.03,0.07,0.05,0.07,-0.01,-0.00,0.01,0.00,0.00,0.02,-0.02,-0.03,0.01,0.04,0.01,0.02,0.01,0.01,0.01,-0.02,0.03,0.21,0.05,0.06,0.02,0.06,0.09,0.04,0.06,0.23,-0.03,0.10,0.05,0.03,0.02,0.02,-0.04,0.02,0.01,0.01,0.01,0.00,-0.00,0.00,-0.00,0.00,0.00,0.01,0.01,0.00,0.03,0.03,0.02,0.01,0.01,0.00,0.00,-0.00,0.00,0.00,0.00,0.00,0.00,0.00,-0.00,0.00,-0.01,0.00,-0.00,0.00,0.00,-0.00,0.00,0.00,0.01,-0.08,0.06,0.73,-0.20,0.04,0.03,0.01,0.02,0.02,0.02,0.00,0.00,0.00,-0.01,0.00,-0.00,0.01,0.00,-0.00,0.01,0.02,0.01,0.00,0.00,-0.00,0.00,0.00,0.00,-0.07,0.00,0.01,0.01,0.02,0.03,0.11,0.11,0.11,0.08,0.07,0.03,0.01,0.02,0.01,0.00,0.00,-0.02,0.00,-0.00,0.00,0.00,-0.00,0.00,0.00,-0.00,0.00,-0.00,-0.00,0.00,0.01,-0.01,0.01,0.03,0.04,0.01,0.03,0.12,0.12,0.05,0.06,0.02,0.01,0.01,0.01,-0.05,0.01,-0.00,0.00,0.01,0.01,0.00,-0.01,0.02,0.00,0.01,-0.04,0.01,0.02,0.02,0.12,0.03,0.05,0.22,0.07,0.08,-0.85,0.10,0.03,0.02,0.07,-0.00,0.00,0.01,0.01,0.02,0.03,0.03,0.06,0.08,0.04,0.06,0.20,0.06,0.03,0.05,0.01,-0.37,0.31,1.54,-0.69,0.03,0.10,0.01,-0.05,0.02,-0.04,0.00,0.00,0.00,-0.01,0.00,0.00,0.00,0.00,0.00,0.00,0.00,0.00,0.00,0.00,0.00,0.01,0.00,0.00,0.00,0.00,0.00,0.01,3.91,0.00,0.00,0.04,0.02,0.00,-0.04,0.01,0.01,0.00,0.00,0.02,0.00,0.00,-0.00,0.00,0.00,-0.00,0.00,0.00,0.00,0.00,0.00,0.00,0.00,0.00,0.01,0.00,0.00,0.02,0.01,0.00,0.00,0.01,0.00,0.00,-0.00,0.01,-0.01,-0.00,0.00,0.00,-0.00,0.00,0.00,0.00,0.00,-0.00
pose003,0.00,0.00,0.00,0.00,0.00,0.00,0.00,0.00,0.00,0.01,0.01,0.02,0.02,0.01,-0.02,0.01,0.00,0.00,0.00,0.00,0.00,0.00,0.00,0.00,0.00,0.00,0.01,-0.00,0.06,0.02,0.01,0.00,0.00,0.00,0.00,0.00,0.00,0.00,0.00,0.00,0.00,0.00,0.00,0.00,0.00,0.00,0.00,0.00,0.00,0.00,0.00,-0.00,0.00,0.00,0.00,0.00,0.00,0.00,-0.00,0.00,0.00,0.00,0.00,0.00,0.01,0.02,0.03,0.07,0.30,0.12,0.32,0.52,7.93,-0.35,-1.03,0.04,-0.46,0.08,0.18,0.30,0.50,0.23,0.35,-0.06,0.39,0.14,0.04,0.03,0.08,-0.01,0.01,0.01,0.00,0.01,0.01,0.07,0.04,0.03,-0.00,0.17,0.11,0.06,0.11,0.09,0.03,0.02,0.01,-0.09,0.00,0.00,-0.01,0.02,0.04,0.05,0.03,0.03,-0.00,-0.00,0.00,0.00,0.00,0.01,-0.01,-0.00,0.00,0.00,0.00,0.00,0.00,0.00,0.00,0.00,0.01,0.03,0.02,0.01,0.00,0.00,0.01,0.00,0.01,0.03,0.01,0.04,0.03,0.04,0.02,0.06,-0.18,0.03,0.02,0.02,0.01,0.01,0.00,0.00,0.00,0.00,0.00,0.00,0.00,0.00,0.02,0.01,0.02,0.01,0.00,0.00,0.00,-0.00,0.00,0.00,0.00,0.00,0.00,0.00,0.00,0.00,-0.00,0.00,0.00,0.00,0.00,0.00,0.00,0.00,0.00,-0.01,0.01,0.02,0.02,0.01,0.00,0.00,0.00,0.00,0.00,0.00,0.00,0.00,0.00,0.00,0.00,0.00,-0.00,0.00,0.00,0.00,0.00,0.00,0.00,0.00,0.00,0.00,0.00,-0.00,0.00,-0.00,0.00,0.00,0.00,0.01,0.02,0.02,0.02,0.01,0.00,0.00,0.00,0.00,0.00,0.00,-0.01,0.00,0.00,-0.00,0.00,-0.00,0.00,0.00,0.00,0.00,-0.00,-0.00,0.01,0.02,-0.02,0.01,0.03,0.04,0.01,0.02,0.09,0.11,0.04,0.04,0.01,0.01,0.00,0.01,-0.03,0.00,0.00,0.00,0.00,0.01,0.00,-0.01,0.03,0.02,0.02,-0.02,0.06,0.06,0.06,0.26,0.12,0.58,0.71,0.14,0.32,-0.26,0.11,0.07,0.02,0.09,-0.02,0.00,0.01,0.01,0.01,0.02,0.04,0.07,0.07,0.07,0.21,0.96,0.16,0.31,0.80,0.00,3.70,3.49,3.04,0.30,0.07,0.23,0.03,-0.41,0.02,-0.05,0.01,0.01,0.01,-0.01,0.00,-0.00,0.00,0.00,0.00,0.00,0.00,0.00,0.00,0.00,0.01,0.02,0.00,0.00,0.00,0.00,0.00,0.04,1.73,0.00,0.00,0.30,-0.73,0.00,-0.29,0.05,0.03,0.00,0.02,0.05,0.00,0.00,0.01,0.01,0.00,0.00,0.00,0.00,0.00,0.00,0.00,0.01,0.00,0.01,0.01,0.00,0.00,0.02,0.01,0.00,0.00,0.01,0.00,-0.00,0.00,0.00,-0.00,-0.00,0.00,-0.00,0.00,0.00,-0.00,0.00,-0.00,0.00
pose004,0.00,0.00,0.00,0.00,0.00,0.00,0.00,0.00,0.01,0.02,0.04,0.04,0.04,0.02,-0.04,0.03,0.01,0.01,0.00,0.00,0.00,-0.00,0.00,0.00,-0.00,0.01,0.00,-0.00,0.04,0.02,0.01,0.01,0.00,0.00,-0.00,-0.00,0.00,0.00,-0.00,0.00,0.00,0.00,0.00,0.00,-0.00,0.00,0.01,0.01,0.01,0.00,0.00,0.01,0.00,0.00,-0.00,0.00,0.00,-0.00,0.00,0.00,-0.00,0.00,0.01,0.01,0.04,0.10,0.17,-0.34,0.58,0.20,0.18,0.15,0.10,0.04,0.01,0.01,-0.07,0.02,0.12,0.44,1.39,0.69,0.15,5.70,1.08,0.28,0.12,0.07,0.16,-0.06,0.03,0.01,0.01,0.03,0.03,0.16,0.28,0.15,0.19,2.40,2.05,0.47,0.54,-0.12,0.18,0.12,0.04,-1.26,0.01,0.00,-0.00,0.02,0.03,0.07,0.05,0.07,-0.02,-0.01,0.01,0.00,0.00,0.02,-0.02,-0.03,0.01,0.04,0.01,0.02,0.01,0.01,0.01,-0.01,0.04,0.21,0.08,0.06,0.02,0.05,0.08,0.04,0.05,0.18,-0.01,0.09,0.05,0.03,0.02,0.03,-0.04,0.02,0.01,0.01,0.01,0.00,0.00,0.00,0.00,0.00,0.00,0.01,0.01,0.01,0.03,0.03,0.02,0.01,0.01,0.01,0.00,0.00,0.00,0.00,0.00,0.00,0.00,0.00,0.00,0.00,-0.01,0.00,-0.00,0.00,0.00,-0.00,0.00,0.00,0.01,-0.06,0.06,0.28,-0.20,0.03,0.03,0.01,0.02,0.03,0.02,0.00,0.00,0.00,-0.01,0.00,-0.00,0.01,0.00,-0.00,0.01,0.02,0.01,0.00,-0.00,0.00,0.00,0.00,0.00,-0.06,0.00,0.01,0.01,0.02,0.03,0.10,0.11,0.11,0.06,0.07,0.03,0.02,0.02,0.01,0.00,0.00,-0.02,-0.00,-0.00,0.00,0.00,-0.00,0.00,0.00,0.00,0.00,-0.00,0.00,0.00,0.01,-0.01,0.01,0.02,0.03,0.01,0.03,0.11,0.09,0.05,0.06,0.03,0.02,0.01,0.01,-0.05,0.01,-0.00,0.00,0.01,0.00,0.00,-0.00,0.02,0.00,0.00,-0.02,0.02,0.02,0.02,0.08,0.02,0.02,0.21,0.06,0.08,-0.84,0.10,0.03,0.03,0.09,-0.00,0.01,0.01,0.01,-0.00,0.04,0.04,0.10,0.12,0.06,0.09,0.10,0.08,0.03,0.05,0.00,-0.43,0.27,0.49,-0.50,0.05,0.11,0.02,-0.07,0.02,-0.05,0.00,0.00,0.00,-0.01,0.00,0.00,0.00,0.00,0.00,0.00,0.00,0.00,0.00,0.00,0.00,0.01,0.00,0.00,0.00,0.00,0.00,0.01,2.03,0.00,0.00,0.05,0.02,0.00,-0.04,0.01,0.01,0.00,0.00,0.01,0.00,-0.00,0.00,-0.00,0.00,0.00,0.00,0.00,-0.00,0.00,0.00,0.00,0.00,0.00,0.01,0.00,0.00,0.02,0.01,0.00,0.00,0.01,0.00,0.00,-0.00,0.01,-0.01,-0.01,0.00,0.00,-0.00,0.00,0.00,0.00,0.00,0.00
pose005,0.00,0.00,0.00,0.00,0.00,0.00,-0.00,0.00,0.01,0.01,0.03,0.03,0.03,0.02,-0.04,0.02,0.01,0.01,0.00,0.00,0.00,0.00,0.00,0.00,0.00,0.01,0.01,-0.01,0.05,0.02,0.02,0.00,0.00,0.00,0.00,0.00,0.00,0.00,0.00,0.00,0.00,0.00,0.00,0.00,0.00,0.00,0.00,0.01,0.01,0.00,0.00,0.01,0.00,0.00,-0.00,0.00,0.00,0.00,0.00,0.00,0.00,0.00,0.00,0.00,0.03,0.05,0.11,0.05,0.51,0.25,0.28,0.20,0.23,0.01,0.01,0.02,-0.17,0.05,0.20,0.65,1.39,0.56,0.55,6.50,1.46,0.26,0.12,0.07,0.15,-0.05,0.03,0.01,0.00,0.02,0.03,0.06,0.16,0.10,0.08,0.86,-0.22,0.24,0.24,-0.17,0.10,0.06,0.03,-0.47,0.00,0.00,-0.00,0.01,0.03,0.05,0.04,0.06,-0.01,-0.00,0.01,0.00,0.00,0.02,-0.01,-0.01,0.01,0.02,0.00,0.01,0.01,0.00,0.01,-0.00,0.03,0.11,0.05,0.04,0.01,0.03,0.05,0.02,0.03,0.09,0.01,0.07,0.05,0.04,0.02,0.04,-0.08,0.02,0.01,0.01,0.00,0.01,-0.00,0.00,0.00,0.00,0.00,0.00,0.00,0.00,0.03,0.02,0.02,0.01,0.01,0.00,0.00,-0.00,0.00,0.00,0.00,0.00,0.00,0.00,0.00,0.00,-0.01,0.00,-0.00,0.00,0.00,-0.00,0.00,0.00,0.00,-0.02,0.03,0.06,0.01,0.02,0.02,0.01,0.01,0.02,0.01,0.00,0.00,0.00,-0.01,0.00,-0.00,0.00,0.00,-0.00,0.01,0.01,0.00,-0.00,0.00,0.00,0.00,0.00,0.00,-0.03,0.00,0.00,0.00,0.01,0.01,0.05,0.07,0.08,0.04,0.04,0.02,0.01,0.02,0.01,0.00,0.00,-0.02,0.00,-0.00,0.00,-0.00,-0.00,0.01,0.00,0.00,0.00,0.00,-0.00,0.00,0.02,-0.02,0.01,0.03,0.05,0.01,0.03,0.14,0.15,0.06,0.07,0.02,0.01,0.01,0.01,-0.05,0.01,-0.00,0.00,0.01,0.01,0.00,-0.00,0.02,0.01,0.01,-0.03,0.02,0.03,0.03,0.23,0.05,0.17,0.53,0.11,0.19,-1.00,0.12,0.05,0.03,0.07,-0.02,0.00,0.01,0.01,0.00,0.03,0.04,0.07,0.07,0.06,0.03,0.13,0.06,0.05,0.06,0.00,-0.53,0.46,0.90,-0.29,0.04,0.12,0.02,-0.08,0.02,-0.04,0.00,0.00,0.00,-0.01,0.00,0.00,0.00,0.00,0.00,0.00,0.00,0.00,0.00,0.00,0.00,0.01,0.00,0.00,0.00,0.00,0.00,0.03,4.29,0.00,0.00,0.10,-0.00,0.00,-0.10,0.03,0.02,0.00,0.01,0.03,0.00,0.00,0.01,0.00,0.00,0.00,0.00,0.00,0.00,0.00,0.00,0.01,0.00,0.01,0.01,0.00,0.00,0.03,0.01,0.00,0.00,0.02,0.00,0.00,-0.00,0.01,-0.00,-0.01,0.00,0.00,-0.00,0.00,0.00,0.00,0.00,0.00
pose006,0.00,0.00,0.00,0.00,0.00,0.00,0.00,0.00,0.00,0.01,0.01,0.02,0.02,0.01,-0.03,0.01,0.00,0.00,0.00,0.00,0.00,0.00,-0.00,0.00,0.00,0.01,0.01,-0.01,0.10,0.02,0.02,0.00,0.00,0.00,0.00,0.00,0.00,0.00,0.00,0.00,0.00,0.00,-0.00,0.00,0.00,0.00,-0.00,0.00,0.00,-0.00,0.00,0.00,0.00,0.00,0.00,0.00,-0.00,0.00,-0.00,0.00,0.00,0.00,0.00,0.00,0.01,0.02,0.03,0.08,0.35,0.14,0.42,0.47,2.88,-0.61,-0.51,0.03,-0.47,0.08,0.35,0.38,0.69,0.32,0.47,1.67,0.52,0.16,0.06,0.04,0.10,-0.02,0.02,0.01,0.01,0.01,0.01,0.03,0.07,0.03,0.01,0.16,0.12,0.07,0.11,0.08,0.03,0.02,0.01,-0.10,0.00,0.00,-0.01,0.01,0.04,0.05,0.02,0.03,-0.00,-0.00,0.00,0.00,0.00,0.01,-0.01,-0.00,0.00,0.00,0.00,0.00,0.00,0.00,-0.00,0.00,0.01,0.04,0.02,0.01,0.00,0.01,0.01,0.00,0.01,0.04,0.01,0.04,0.04,0.05,0.03,0.06,-0.20,0.03,0.02,0.03,0.01,0.01,-0.00,0.00,0.00,0.00,0.00,0.00,0.00,0.00,0.02,0.01,0.02,0.01,0.00,0.00,0.00,0.00,0.00,0.00,0.00,0.00,0.00,0.00,0.00,0.00,-0.00,0.00,0.00,0.00,0.00,0.00,0.00,0.00,0.00,-0.01,0.01,0.03,0.02,0.01,0.01,0.00,0.00,0.01,0.00,0.00,0.00,0.00,0.00,0.00,0.00,0.00,0.00,0.00,0.00,0.00,0.00,0.00,0.00,0.00,0.00,0.00,0.00,-0.01,0.00,-0.00,0.00,0.00,0.00,0.01,0.03,0.03,0.02,0.01,0.01,0.00,0.01,0.00,0.00,0.00,-0.01,0.00,-0.00,0.00,0.00,-0.00,0.00,0.00,-0.00,0.00,-0.00,-0.00,0.01,0.02,-0.03,0.01,0.03,0.05,0.01,0.02,0.12,0.15,0.05,0.05,0.01,0.01,0.00,0.01,-0.04,0.00,-0.00,0.00,0.01,0.01,0.00,-0.00,0.03,0.01,0.02,-0.02,0.06,0.06,0.06,0.31,0.12,0.76,0.49,0.17,0.31,0.50,0.12,0.06,0.01,0.09,-0.02,0.00,0.01,0.01,0.01,0.02,0.04,0.06,0.07,0.06,0.28,0.68,0.12,0.22,-0.03,0.00,0.68,2.91,3.23,0.22,0.05,0.24,0.02,-0.39,0.02,-0.04,0.01,0.00,0.01,-0.01,0.00,0.00,0.00,-0.00,0.00,0.00,0.00,0.00,0.00,0.00,0.01,0.02,0.00,0.00,0.00,0.00,0.00,0.01,1.78,0.00,0.00,0.24,-0.57,0.00,-0.24,0.05,0.03,0.00,0.02,0.05,0.01,0.00,0.01,0.01,0.00,-0.00,-0.00,-0.00,0.00,-0.00,0.00,0.01,0.00,0.01,0.01,0.00,0.00,0.02,0.01,0.00,-0.00,0.01,0.00,0.00,-0.00,0.00,-0.00,-0.00,0.00,0.00,0.00,0.00,0.00,0.00,0.00,0.00
pose007,0.00,0.00,0.00,0.00,0.00,0.00,0.00,0.00,0.01,0.01,0.02,0.03,0.03,0.02,-0.05,0.02,0.00,0.00,0.00,0.00,0.00,0.00,0.00,0.00,-0.00,0.01,0.01,-0.01,0.07,0.02,0.01,0.00,0.00,0.00,0.00,0.00,0.00,0.00,0.00,0.00,0.00,0.00,0.00,0.00,0.00,0.00,0.00,0.00,0.00,0.00,0.00,0.00,0.00,0.00,0.00,0.00,0.00,0.00,0.00,0.00,0.00,0.00,0.00,0.00,0.02,0.03,0.06,0.14,0.48,0.21,0.41,0.21,0.92,-0.55,-0.43,0.03,-0.26,0.08,0.23,0.61,1.28,0.48,0.60,2.65,0.84,0.18,0.07,0.05,0.11,-0.02,0.02,0.01,0.01,0.01,0.02,0.04,0.08,0.05,0.00,0.22,0.11,0.12,0.15,0.11,0.05,0.03,0.01,-0.15,0.00,0.00,-0.00,0.01,0.03,0.05,0.03,0.04,-0.00,-0.00,0.00,0.00,0.00,0.01,-0.01,-0.01,0.00,0.01,0.00,0.00,0.00,0.00,0.00,-0.01,0.02,0.06,0.03,0.02,0.00,0.01,0.03,0.01,0.02,0.06,0.01,0.06,0.04,0.04,0.02,0.05,-0.16,0.03,0.02,0.01,0.01,0.01,-0.00,0.00,0.00,0.00,0.00,0.00,0.01,0.00,0.02,0.02,0.02,0.01,0.00,0.00,0.00,0.00,0.00,0.00,0.00,0.00,0.00,0.00,0.00,0.00,-0.00,0.00,0.00,0.00,0.00,0.00,0.00,0.00,0.00,-0.01,0.01,0.05,0.03,0.02,0.01,0.00,0.01,0.01,0.01,0.00,0.00,0.00,-0.00,0.00,0.00,0.00,0.00,0.00,0.00,0.01,0.00,0.00,0.00,0.00,0.00,0.00,0.00,-0.01,-0.00,0.00,0.00,0.00,0.01,0.02,0.04,0.05,0.03,0.03,0.01,0.00,0.01,0.00,0.00,0.00,-0.01,0.00,-0.00,0.00,0.00,-0.00,0.00,-0.00,-0.00,0.00,0.00,-0.00,0.00,0.02,-0.02,0.01,0.03,0.05,0.01,0.03,0.11,0.14,0.05,0.06,0.02,0.01,0.00,0.01,-0.04,0.01,-0.00,0.00,0.01,0.01,0.00,-0.00,0.03,0.02,0.02,-0.01,0.05,0.05,0.05,0.31,0.09,0.72,0.93,0.16,0.26,-1.60,0.11,0.06,0.01,0.07,-0.01,0.01,0.01,0.01,0.01,0.02,0.04,0.06,0.07,0.05,0.09,0.35,0.10,0.13,0.12,-0.02,-0.28,1.65,4.01,-0.13,0.06,0.25,0.02,-0.26,0.02,-0.05,0.00,0.00,0.00,-0.01,0.00,0.00,0.00,0.00,0.00,0.00,0.00,0.00,0.00,0.00,0.01,0.01,0.00,0.00,0.00,0.00,0.00,0.00,2.90,0.00,0.00,0.19,-0.33,0.00,-0.18,0.04,0.02,0.00,0.01,0.04,0.00,0.00,0.01,0.00,0.00,-0.00,0.00,-0.00,0.00,-0.00,-0.00,0.01,0.00,0.01,0.01,0.00,0.00,0.02,0.01,0.00,0.00,0.01,0.00,0.00,-0.00,0.00,-0.01,-0.01,0.00,0.00,0.00,-0.00,0.00,0.00,0.00,0.00
pose008,0.00,0.00,0.00,0.00,-0.00,0.00,0.00,0.00,0.00,0.01,0.01,0.02,0.02,0.01,-0.02,0.01,0.00,0.00,-0.00,0.00,0.00,-0.00,0.00,0.00,-0.00,0.01,0.01,-0.00,0.06,0.02,0.01,0.00,0.00,0.00,0.00,0.00,-0.00,0.00,0.00,0.00,0.00,0.00,0.00,0.00,0.00,0.00,0.00,0.00,0.00,0.00,0.00,0.00,0.00,0.00,0.00,0.00,0.00,0.00,0.00,0.00,0.00,0.00,0.00,0.00,0.01,0.02,0.03,0.07,0.28,0.10,0.29,0.24,4.41,-0.01,-0.17,0.05,-0.41,0.06,0.22,0.27,0.50,0.27,0.39,0.87,0.44,0.21,0.05,0.04,0.13,-0.01,0.02,0.01,0.00,0.01,0.01,0.03,0.07,0.03,0.00,0.25,0.12,0.06,0.08,0.06,0.02,0.02,0.01,-0.09,0.00,0.00,-0.01,0.01,0.03,0.04,0.03,0.03,-0.01,-0.01,0.00,0.00,0.00,0.01,-0.01,-0.00,0.00,0.00,0.00,-0.00,0.00,-0.00,0.00,-0.00,0.01,0.03,0.02,0.01,-0.00,0.00,0.01,0.00,0.01,0.03,0.01,0.04,0.03,0.04,0.02,0.07,-0.14,0.02,0.02,0.02,0.01,0.01,0.00,0.00,0.00,0.00,0.00,0.00,0.00,0.00,0.01,0.01,0.01,0.00,0.00,0.00,0.00,-0.00,0.00,-0.00,0.00,0.00,0.00,0.00,0.00,0.00,-0.00,0.00,0.00,0.00,0.00,0.00,0.00,0.00,0.00,-0.01,0.01,0.02,0.02,0.01,0.01,0.00,0.00,0.00,0.00,0.00,0.00,0.00,-0.00,0.00,0.00,0.00,0.00,0.00,0.00,0.00,0.00,0.00,0.00,0.00,0.00,0.00,0.00,-0.00,0.00,0.00,0.00,0.00,0.00,0.01,0.02,0.03,0.02,0.01,0.00,0.00,0.01,0.00,0.00,0.00,-0.01,0.00,-0.00,0.00,0.00,-0.00,0.01,0.00,-0.00,0.00,-0.00,-0.00,0.01,0.03,-0.04,0.01,0.04,0.07,0.01,0.03,0.14,0.16,0.06,0.05,0.01,0.01,0.00,0.01,-0.04,0.00,-0.00,0.00,0.01,0.01,0.00,-0.00,0.03,0.02,0.02,-0.02,0.07,0.07,0.08,0.48,0.19,1.66,2.90,0.26,0.44,0.05,0.19,0.10,0.06,0.11,-0.04,0.00,0.01,0.00,0.01,0.02,0.04,0.07,0.07,0.06,0.28,0.81,0.12,0.16,0.36,0.00,-0.10,3.01,3.35,0.29,0.05,0.24,0.02,-0.28,0.02,-0.04,0.01,0.00,0.01,-0.01,0.00,0.00,0.00,-0.00,0.00,0.00,0.00,0.00,0.00,0.00,0.01,0.00,0.00,0.00,0.00,0.00,0.00,0.03,-0.23,0.00,0.00,0.43,-0.30,0.00,-0.48,0.07,0.02,0.00,0.02,0.07,0.01,0.00,0.01,0.01,0.00,-0.00,0.00,-0.00,0.00,0.00,0.00,0.01,0.00,0.01,0.02,0.00,0.00,0.04,0.02,0.00,-0.00,0.02,0.00,-0.00,-0.00,0.00,-0.01,-0.00,0.00,0.00,0.00,0.00,0.00,0.00,0.00,0.00
pose009,0.00,0.00,0.00,0.00,0.00,0.00,0.00,0.00,0.01,0.02,0.04,0.05,0.05,0.02,-0.04,0.04,0.01,0.01,0.01,0.00,0.00,-0.00,0.00,0.00,0.00,0.00,0.00,-0.01,0.03,0.02,0.02,0.01,0.00,0.00,0.00,-0.00,0.00,0.00,0.00,0.00,0.00,0.00,0.00,-0.00,-0.00,0.00,0.01,0.02,0.01,0.00,0.00,0.01,0.00,0.00,-0.00,0.00,0.00,0.00,0.00,0.00,0.00,0.00,0.01,0.01,0.04,0.11,0.17,0.63,0.69,0.36,0.23,0.19,0.07,0.04,0.01,0.01,-0.15,0.03,0.16,0.71,1.36,0.64,0.23,7.09,3.05,0.22,0.13,0.07,0.16,-0.08,0.03,0.01,0.01,0.02,0.03,0.09,0.23,0.14,0.14,1.87,2.26,0.23,0.24,-0.20,0.15,0.08,0.04,-0.81,0.00,0.00,-0.00,0.01,0.03,0.06,0.05,0.05,-0.01,-0.00,0.01,0.00,0.00,0.02,-0.02,-0.02,0.01,0.03,0.01,0.02,0.01,0.01,0.01,-0.01,0.04,0.22,0.06,0.06,0.02,0.06,0.10,0.04,0.06,0.23,-0.01,0.13,0.06,0.04,0.02,0.03,-0.05,0.02,0.01,0.01,0.01,0.01,-0.00,0.00,0.00,0.00,0.00,0.01,0.01,0.00,0.03,0.03,0.02,0.01,0.01,0.01,0.00,-0.00,0.00,0.00,0.00,-0.00,0.00,0.00,0.00,0.01,-0.01,0.00,0.00,0.00,0.00,-0.00,0.00,0.00,0.01,-0.08,0.07,0.37,0.40,0.05,0.03,0.01,0.02,0.03,0.02,0.00,0.01,0.00,-0.01,0.00,0.00,0.01,0.00,-0.00,0.01,0.02,0.01,0.00,0.00,0.00,0.00,0.00,0.00,-0.06,0.00,0.01,0.01,0.02,0.03,0.12,0.12,0.12,0.07,0.07,0.03,0.02,0.03,0.01,0.01,0.00,-0.02,0.00,-0.00,0.00,0.00,-0.00,0.00,0.00,0.00,0.00,0.00,-0.00,0.00,0.01,-0.01,0.01,0.02,0.03,0.01,0.03,0.11,0.10,0.05,0.07,0.03,0.02,0.01,0.02,-0.05,0.01,-0.00,-0.00,0.01,0.01,0.00,-0.01,0.02,0.01,0.01,-0.02,0.02,0.02,0.02,0.10,0.03,-0.00,0.24,0.06,0.08,-0.85,0.10,0.03,0.03,0.07,-0.01,0.00,0.01,0.01,0.01,0.03,0.04,0.07,0.09,0.04,0.11,0.15,0.06,0.03,0.04,0.00,-0.41,0.32,1.52,-0.25,0.05,0.10,0.01,-0.06,0.02,-0.06,0.00,0.00,0.00,-0.01,0.00,0.00,0.00,0.00,0.00,0.00,0.00,0.00,0.00,0.00,0.00,0.01,0.00,0.00,0.00,0.00,0.00,0.01,1.28,0.00,0.00,0.04,0.02,0.00,-0.05,0.01,0.01,0.00,0.00,0.01,0.00,0.00,0.00,0.00,-0.00,0.00,0.00,0.00,0.00,0.00,0.00,0.00,0.00,0.00,0.01,0.00,0.00,0.02,0.01,0.00,0.00,0.01,0.00,0.00,-0.00,0.01,-0.00,-0.01,0.00,0.00,-0.00,0.00,0.00,0.00,0.00,0.00
pose010,0.00,0.00,0.00,0.00,0.00,0.00,0.00,0.00,0.00,0.01,0.01,0.02,0.02,0.01,-0.02,0.01,0.00,0.00,0.00,0.00,0.00,-0.00,0.00,0.00,-0.00,0.01,0.01,-0.01,0.07,0.02,0.01,0.00,0.00,0.00,0.00,0.00,0.00,0.00,0.00,-0.00,0.00,0.00,0.00,0.00,0.00,0.00,0.00,0.00,0.00,0.00,-0.00,0.00,0.00,0.00,0.00,0.00,0.00,0.00,0.00,0.00,0.00,0.00,0.00,0.00,0.01,0.02,0.04,0.08,0.31,0.11,0.38,0.51,3.90,-0.23,-0.68,0.06,-0.43,0.08,0.27,0.30,0.58,0.27,0.39,1.28,0.48,0.16,0.06,0.04,0.09,-0.01,0.02,0.01,0.01,0.01,0.01,0.07,0.06,0.04,-0.02,0.04,0.09,0.07,0.11,0.08,0.03,0.02,0.01,-0.08,0.00,0.00,-0.01,0.01,0.03,0.04,0.03,0.03,-0.00,-0.01,0.00,0.00,0.00,0.01,-0.01,-0.00,0.00,0.00,0.00,0.00,0.00,0.00,0.00,-0.00,0.01,0.03,0.02,0.01,0.00,0.01,0.01,0.01,0.01,0.03,0.01,0.04,0.04,0.04,0.02,0.06,-0.18,0.03,0.02,0.02,0.01,0.01,0.00,0.00,0.00,0.00,0.00,0.00,0.00,0.00,0.02,0.01,0.02,0.01,0.00,0.00,0.00,-0.00,0.00,0.00,0.00,0.00,0.00,0.00,0.00,0.00,-0.00,0.00,0.00,0.00,0.00,0.00,0.00,0.00,0.00,-0.01,0.01,0.03,0.02,0.01,0.01,0.00,0.00,0.00,0.00,0.00,0.00,0.00,0.00,0.00,0.00,0.00,0.00,0.00,0.00,0.00,-0.00,0.00,0.00,0.00,0.00,0.00,0.00,-0.01,0.00,0.00,0.00,0.00,0.00,0.01,0.02,0.03,0.02,0.02,0.00,0.00,0.01,0.00,0.00,0.00,-0.01,0.00,0.00,0.00,0.00,-0.00,0.00,-0.00,-0.00,0.00,0.00,-0.00,0.01,0.02,-0.02,0.01,0.04,0.05,0.01,0.02,0.11,0.14,0.05,0.04,0.01,0.01,0.00,0.01,-0.03,0.00,-0.00,-0.00,0.01,0.01,0.00,-0.00,0.03,0.02,0.02,-0.00,0.07,0.06,0.07,0.28,0.14,0.79,0.63,0.23,0.40,-1.43,0.12,0.06,0.04,0.08,-0.02,0.00,0.01,0.00,0.01,0.02,0.04,0.06,0.07,0.06,0.17,0.60,0.11,0.19,-0.03,0.00,0.19,2.55,3.31,0.23,0.06,0.26,0.02,-0.32,0.05,-0.05,0.01,0.00,0.01,-0.01,0.00,0.00,0.00,0.00,0.00,0.00,0.00,0.00,0.00,0.00,0.01,0.02,0.00,0.00,0.00,0.00,0.00,0.01,2.84,0.00,0.00,0.26,-0.33,0.00,-0.27,0.05,0.02,0.00,0.02,0.06,0.01,0.00,0.01,0.01,0.00,-0.00,-0.00,-0.00,0.00,0.00,0.00,0.01,0.00,0.01,0.02,0.00,0.00,0.03,0.01,0.00,0.00,0.01,0.00,0.00,-0.00,0.00,-0.00,-0.00,0.00,0.00,-0.00,0.00,0.00,0.00,0.00,0.00
