POSE,A-ACE-48,A-PHE-49,A-ASP-50,A-LEU-51,A-VAL-52,A-SER-53,A-SER-54,A-TYR-55,A-LEU-56,A-THR-57,A-SER-58,A-NME-58,A-ACE-69,A-ARG-70,A-ASP-71,A-HIS-72,A-TYR-73,A-PRO-74,A-CYS-75,A-NME-75,A-ACE-129,A-PHE-130,A-NME-130,A-ACE-131,A-ARG-132,A-NME-132,A-ACE-133,A-ILE-134,A-NME-134,A-ACE-149,A-PHE-150,A-VAL-151,A-PHE-152,A-ASP-153,A-THR-154,A-MET-155,A-GLY-156,A-ASP-157,A-SER-158,A-ALA-159,A-ASN-160,A-LEU-161,A-MET-162,A-ILE-163,A-SER-164,A-HIS-165,A-NME-165,A-ACE-166,A-ILE-167,A-PRO-168,A-NME-168,A-ACE-171,A-LYS-172,A-VAL-173,A-ILE-174,A-ILE-175,A-ARG-176,A-THR-177,A-ASN-178,A-GLY-179,A-PHE-180,A-HIS-181,A-PRO-182,A-ARG-183,A-ASP-184,A-LYS-185,A-VAL-186,A-VAL-187,A-PRO-188,A-ALA-189,A-PHE-190,A-GLU-191,A-THR-192,A-THR-193,A-HIS-194,A-THR-195,A-LEU-196,A-ASP-197,A-GLN-198,A-LEU-199,A-GLU-200,A-PHE-201,A-GLN-202,A-ASN-203,A-PHE-204,A-ARG-205,A-TYR-206,A-PHE-207,A-SER-208,A-ASN-209,A-ARG-210,A-HIS-211,A-TYR-212,A-ALA-213,A-ASP-214,A-ILE-215,A-VAL-216,A-TYR-217,A-GLY-218,A-ALA-219,A-THR-220,A-ALA-221,A-GLY-222,A-THR-223,A-GLY-224,A-ILE-225,A-PRO-226,A-ILE-227,A-LEU-228,A-ILE-229,A-GLY-230,A-ASP-231,A-GLN-232,A-PHE-233,A-PRO-234,A-VAL-235,A-SER-236,A-LEU-237,A-ARG-238,A-ASP-239,A-ASP-240,A-SER-241,A-TRP-242,A-ASN-243,A-THR-244,A-SER-245,A-GLU-246,A-SER-247,A-ARG-248,A-PRO-249,A-ALA-250,A-SER-251,A-GLY-252,A-ALA-253,A-VAL-254,A-ALA-255,A-ILE-256,A-LYS-257,A-TYR-258,A-TRP-259,A-PRO-260,A-ILE-261,A-ASP-262,A-GLU-263,A-TYR-264,A-CYS-265,A-ARG-266,A-ASN-267,A-PHE-268,A-SER-269,A-ASP-270,A-ASN-271,A-LEU-272,A-NME-272,A-ACE-274,A-ALA-275,A-PHE-276,A-NME-276,A-ACE-278,A-GLY-279,A-TYR-280,A-PHE-281,A-LEU-282,A-ASN-283,A-ASP-284,A-ILE-285,A-CYS-286,A-MET-287,A-TRP-288,A-LEU-289,A-HIS-290,A-THR-291,A-GLY-292,A-ARG-293,A-ALA-294,A-ILE-295,A-VAL-296,A-VAL-297,A-PRO-298,A-LYS-299,A-ASP-300,A-THR-301,A-NME-301,A-ACE-309,A-ILE-310,A-NME-310,A-ACE-311,A-TYR-312,A-NME-312,A-ACE-322,A-ILE-323,A-LYS-324,A-GLY-325,A-ASP-326,A-THR-327,A-GLU-328,A-NME-328,A-ACE-346,A-TYR-347,A-ARG-348,A-NME-348,A-ACE-351,A-MET-352,A-GLY-353,A-NME-353,A-ACE-366,A-TYR-367,A-THR-368,A-ARG-369,A-PRO-370,A-TYR-371,A-SER-372,A-GLY-373,A-GLY-374,A-LEU-375,A-NME-375,A-ACE-377,A-ILE-378,A-NME-378,A-ACE-406,A-ILE-407,A-ALA-408,A-SER-409,A-TYR-410,A-ASN-411,A-LYS-412,A-HIS-413,A-TYR-414,A-PHE-415,A-GLY-416,A-ASP-417,A-SER-418,A-GLU-419,A-PRO-420,A-ARG-421,A-ARG-422,A-HIS-423,A-ASP-424,A-HIS-425,A-LEU-426,A-VAL-427,A-TYR-428,A-TYR-429,A-GLY-430,A-PHE-431,A-TYR-432,A-ASN-433,A-ASP-434,A-ASP-435,A-NME-435,A-ACE-437,A-ARG-438,A-NME-438,A-ACE-457,A-TYR-458,A-TYR-459,A-ALA-460,A-PHE-461,A-PRO-462,A-ASN-463,A-ASN-464,A-NME-464,A-ACE-467,A-TYR-468,A-NME-468,A-ACE-485,A-VAL-486,A-NME-486,A-ACE-487,A-ARG-488,A-GLN-489,A-PHE-490,A-LYS-491,A-ASN-492,A-PHE-493,A-ILE-494,A-VAL-495,A-SER-496,A-PHE-497,A-ALA-498,A-TYR-499,A-LEU-500,A-LEU-501,A-GLN-502,A-CYS-503,A-SER-504,A-ILE-505,A-LYS-506,A-GLU-507,A-PRO-508,A-ASP-509,A-LYS-510,A-ARG-511,A-PRO-512,A-ALA-513,A-TRP-514,A-LEU-515,A-HIS-516,A-THR-517,A-VAL-518,A-LYS-519,A-ARG-520,A-HIS-521,A-PHE-522,A-PHE-523,A-ASN-524,A-ASP-525,A-MET-526,A-ARG-527,A-HIS-528,A-LYS-529,A-GLU-530,A-PRO-531,A-TYR-532,A-ARG-533,A-PRO-534,A-PHE-535,A-LEU-536,A-GLU-537,A-GLU-538,A-TYR-539,A-ILE-540,A-NME-540,A-ACE-542,A-TYR-543,A-NME-543,A-ACE-558,A-TRP-559,A-NME-559,A-ACE-561,A-LEU-562,A-VAL-563,A-ALA-564,A-ASN-565,A-ALA-566,A-CYS-567,A-GLN-568,A-THR-569,A-ARG-570,A-ASP-571,A-GLU-572,A-ALA-573,A-MET-574,A-SER-575,A-GLN-576,A-ILE-577,A-SER-578,A-SER-579,A-PRO-580,A-LEU-581,A-ASN-582,A-HIS-583,A-GLN-584,A-MET-585,A-ASP-586,A-GLU-587,A-ASP-588,A-ILE-589,A-ALA-590,A-SER-591,A-GLU-592,A-ILE-593,A-GLN-594,A-NME-594,A-ACE-617,A-ILE-618,A-NME-618,A-ACE-620,A-SER-621,A-MET-622,A-NME-622,A-ACE-624,A-PRO-625,A-PRO-626,A-ASP-627,A-TYR-628,A-GLU-629,A-MET-630,A-NME-630,A-ACE-631,A-PHE-632,A-NME-632
pose001,-0.00,-0.01,0.00,0.00,0.00,0.00,-0.00,-0.00,0.00,0.00,0.00,0.00,0.00,0.00,0.00,0.00,-0.00,0.00,0.00,0.00,0.00,0.00,0.00,0.00,0.00,0.00,0.00,0.00,0.00,0.00,-0.00,0.00,0.00,0.00,0.01,0.00,0.00,0.00,0.00,0.00,0.01,-0.00,-0.00,-0.00,0.00,0.00,0.00,0.00,-0.00,0.00,0.00,0.00,0.00,0.00,0.00,-0.00,0.01,0.00,0.01,-0.10,0.53,-1.02,-1.52,1.54,-0.11,0.00,0.00,-0.00,-0.00,0.00,0.00,0.00,0.00,0.00,0.00,0.00,-0.01,-0.01,0.00,0.00,0.01,0.00,0.00,0.00,0.00,-0.00,-0.00,0.00,-0.00,0.00,0.02,0.00,-0.01,-0.03,-0.17,-0.01,-0.09,-0.44,-0.27,-0.02,-0.07,-0.13,0.00,-0.02,0.00,0.00,0.01,0.01,-1.64,-0.64,-0.36,0.11,0.00,-0.03,-0.03,-0.02,0.09,-0.94,-0.01,0.01,0.04,0.00,0.00,-0.00,0.00,0.00,0.01,0.00,0.03,-0.00,0.01,0.00,0.00,0.01,-0.02,0.02,-0.04,0.01,-0.05,0.00,-0.00,-0.00,0.01,0.00,-0.00,0.00,0.00,0.00,-0.00,-0.00,0.00,0.00,0.00,0.00,0.00,0.00,0.00,0.00,0.00,0.00,0.00,0.00,0.00,0.00,-0.00,-0.01,-0.04,-0.01,-0.00,-0.00,0.01,0.00,0.00,0.00,0.00,0.00,0.00,0.00,-0.00,0.00,0.00,0.00,-0.00,0.00,0.00,0.00,0.00,0.00,0.00,0.00,0.00,0.00,0.00,0.00,0.00,0.00,0.00,0.00,0.00,-0.00,0.00,0.00,0.00,0.00,0.00,0.00,0.00,0.00,0.00,0.00,-0.01,0.00,-0.00,0.00,0.00,0.00,-0.00,0.00,0.00,0.00,0.00,0.00,0.00,0.00,0.00,-0.00,0.00,0.00,0.00,0.00,0.00,0.00,0.00,0.00,0.01,0.00,0.00,0.00,0.00,0.00,0.00,-0.00,-0.00,0.00,-0.00,0.00,0.00,0.00,0.00,0.00,0.00,0.00,0.00,0.00,0.00,0.00,0.00,0.00,-0.00,-0.00,0.00,0.00,0.00,0.00,0.00,0.00,0.00,0.00,0.00,0.00,0.00,0.00,-0.00,0.00,0.00,0.00,0.00,0.00,-0.00,-0.00,0.00,0.00,-0.00,0.00,0.00,0.00,0.00,0.00,0.00,0.00,0.01,0.00,0.01,-0.01,-0.00,-0.00,-0.01,-0.05,0.00,0.02,0.21,-0.05,0.01,0.01,-0.37,-0.10,-0.04,-0.03,0.01,0.01,0.07,0.00,-0.00,0.00,-0.00,0.00,0.00,-0.00,0.00,-0.00,0.00,-0.00,0.00,0.00,-0.00,0.00,0.00,0.00,0.00,0.00,0.00,0.00,0.00,0.00,0.00,0.00,0.00,0.01,0.00,0.00,0.01,0.00,-0.00,0.00,0.01,-0.00,0.00,0.00,0.00,0.00,0.00,0.00,0.01,-0.00,0.00,0.00,0.00,0.00,0.00,0.00,0.00,0.00,0.00,0.00,0.00,0.00,0.00,0.00,0.00,0.00,0.00,0.00,0.00,-0.00,0.00,0.00,0.00,0.00,0.00,0.00,0.01,0.00
pose002,-0.00,-0.01,0.00,-0.00,0.00,0.00,-0.00,-0.00,0.00,0.00,0.00,0.00,0.00,0.00,0.00,0.00,-0.00,0.00,0.00,0.00,0.00,-0.00,0.00,0.00,0.00,0.00,0.00,0.00,0.00,0.00,0.00,0.00,0.00,0.00,0.01,0.01,0.00,0.00,0.00,0.00,0.01,0.00,0.00,-0.00,-0.00,-0.00,0.00,0.00,-0.00,0.00,0.00,-0.00,0.00,0.00,0.00,-0.00,0.00,0.00,0.01,0.01,-0.01,-0.57,-0.86,0.77,-0.06,0.00,0.00,-0.00,0.00,0.00,0.00,0.00,0.00,0.00,0.00,0.00,-0.00,-0.01,0.00,0.00,0.01,0.00,0.00,0.00,-0.00,0.00,0.00,0.00,-0.00,0.00,0.03,-0.00,-0.01,-0.03,-0.25,-0.03,-0.09,-0.34,-0.37,-0.73,-0.12,-0.09,0.00,-0.23,0.00,-0.02,-0.00,-0.00,-1.98,-0.29,-0.19,0.21,0.02,-0.02,-0.01,0.00,0.02,-0.44,0.01,0.01,0.04,0.00,0.00,-0.00,0.00,0.00,0.01,0.01,0.03,-0.01,0.00,0.00,0.00,0.01,-0.03,0.02,-0.03,0.01,-0.04,0.00,-0.00,-0.00,0.01,0.00,-0.00,0.00,0.00,0.00,0.00,0.00,0.00,0.00,-0.00,0.00,0.00,0.00,0.00,0.00,0.00,0.00,0.00,-0.00,0.00,0.00,-0.00,0.00,-0.03,-0.01,-0.00,0.00,0.00,0.00,0.00,0.00,0.00,0.00,0.00,0.00,-0.00,0.00,0.00,0.00,0.00,0.00,0.00,0.00,0.00,0.00,0.00,0.00,0.00,-0.00,0.00,-0.00,0.00,0.00,0.00,0.00,0.00,0.00,0.00,0.00,-0.00,0.00,0.00,0.00,0.00,0.00,0.00,0.00,0.00,0.01,-0.00,0.00,-0.00,0.00,0.00,0.00,0.00,0.00,0.00,0.00,0.00,0.00,0.00,0.00,0.00,0.00,0.00,0.00,0.00,0.00,0.00,0.00,0.00,0.00,0.00,0.00,0.00,0.00,0.00,-0.01,0.00,0.00,-0.00,0.00,-0.00,0.00,0.00,0.00,0.00,0.00,0.00,0.00,0.00,0.00,0.00,0.00,0.00,0.00,0.00,-0.00,0.00,-0.00,0.00,0.00,0.00,0.00,0.00,0.00,-0.00,0.00,0.00,0.00,0.00,-0.00,0.00,0.00,0.00,0.00,0.01,0.00,0.00,0.00,-0.00,0.00,0.00,0.00,0.00,0.00,0.01,0.00,0.01,-0.02,-0.01,-0.01,-0.05,-0.38,-0.01,0.03,0.03,-0.10,0.01,-0.00,-0.73,-0.11,-0.04,-0.02,0.01,0.02,0.05,0.01,-0.00,0.00,0.00,-0.00,0.00,0.00,-0.00,0.00,0.00,0.00,0.00,0.00,0.00,0.00,0.00,0.00,0.00,0.00,0.00,-0.00,0.00,0.00,0.00,0.00,0.00,0.01,0.00,0.00,0.01,0.00,-0.00,0.00,0.01,-0.00,0.00,0.00,0.00,0.00,0.00,0.01,0.01,-0.00,0.00,0.00,0.00,-0.00,-0.00,-0.00,0.00,0.00,0.00,0.00,0.00,0.00,0.00,0.00,0.00,0.00,0.00,0.00,0.00,0.00,0.00,0.00,0.00,0.00,0.00,0.00,0.01,0.00
pose003,-0.00,-0.01,0.00,0.00,0.00,0.00,0.00,0.00,0.00,0.00,0.00,0.00,0.00,0.00,0.00,-0.00,0.00,-0.00,0.00,-0.00,0.00,0.00,0.00,0.00,0.00,0.00,0.00,0.00,0.00,0.00,-0.00,0.00,0.00,0.00,0.01,0.00,0.00,0.01,0.00,0.00,0.01,-0.00,0.00,0.00,0.00,0.00,0.00,0.00,-0.00,0.00,0.00,0.00,0.00,-0.00,0.00,-0.00,0.01,0.00,0.01,-0.08,0.36,-0.46,-1.16,0.95,-0.13,0.00,0.00,-0.00,0.00,0.00,0.00,0.00,0.00,0.00,0.00,0.00,-0.00,-0.01,0.00,0.00,0.02,0.00,0.00,0.00,-0.00,0.00,-0.00,0.00,0.00,0.00,0.02,0.00,-0.01,-0.03,-0.23,-0.01,-0.07,-0.47,-0.34,-0.07,-0.11,-0.07,0.01,-0.03,0.00,-0.00,0.00,0.01,-1.42,-0.58,-0.45,0.13,0.00,-0.03,-0.02,-0.02,-0.04,-1.04,-0.02,0.00,0.04,0.00,0.00,-0.00,0.00,0.00,0.00,0.00,0.03,-0.00,0.00,0.00,0.00,0.01,-0.01,0.01,-0.03,0.01,-0.04,0.00,-0.00,-0.00,0.01,0.00,-0.00,0.00,0.00,-0.00,0.00,0.00,0.00,0.00,-0.00,0.00,0.00,0.00,0.00,0.00,0.00,0.00,0.00,0.00,-0.00,0.00,-0.01,-0.01,-0.05,-0.01,-0.00,-0.01,0.01,0.00,0.00,0.00,0.00,0.00,0.00,0.00,-0.00,0.01,0.00,0.00,0.00,0.00,0.00,0.00,0.00,0.00,0.00,0.00,-0.00,0.00,0.00,0.00,0.00,0.00,0.00,0.00,0.00,0.00,0.00,0.00,0.00,0.00,0.00,0.00,0.00,0.00,0.00,0.00,0.00,0.00,-0.00,-0.00,-0.00,0.00,0.00,0.00,0.00,0.00,0.00,0.00,0.00,0.00,0.00,0.00,0.00,0.00,0.00,0.00,0.00,0.00,0.00,0.00,0.00,0.00,0.00,0.00,0.00,0.00,0.00,-0.01,-0.00,-0.00,-0.00,0.00,0.00,-0.00,-0.00,0.00,0.00,0.00,0.00,0.00,-0.00,0.00,0.00,0.00,0.00,0.00,-0.00,0.00,0.00,0.00,0.00,0.00,0.00,0.00,0.00,0.00,0.00,0.00,0.00,0.00,-0.00,0.00,0.00,0.00,0.00,0.00,0.00,0.00,0.00,0.00,0.00,0.00,0.00,0.00,0.00,0.00,0.01,0.00,0.01,-0.01,-0.00,-0.00,-0.03,-0.16,-0.00,0.03,0.21,-0.09,0.01,0.01,-0.74,0.07,-0.05,-0.03,0.01,0.01,0.07,0.01,-0.00,0.00,0.00,0.00,-0.00,0.00,0.00,0.00,-0.00,0.00,0.00,0.00,0.00,0.00,0.00,0.00,0.00,0.00,-0.00,0.00,0.00,0.00,0.00,-0.00,0.01,0.01,0.00,0.00,0.01,0.00,-0.00,0.00,0.01,-0.00,0.00,0.01,0.00,0.00,0.00,0.01,0.01,-0.00,0.00,0.00,0.00,0.00,0.00,0.00,0.00,0.00,0.00,0.00,0.00,0.00,0.00,0.00,0.00,0.00,0.00,0.00,0.00,0.00,0.00,0.00,0.00,0.00,0.00,0.00,0.01,0.00
pose004,-0.00,-0.01,0.00,0.00,0.00,0.00,0.00,-0.00,0.00,0.00,0.00,0.00,0.00,0.00,0.00,0.00,0.00,0.00,0.00,0.00,0.00,0.00,0.00,0.00,0.00,0.00,0.00,0.00,0.00,0.00,0.00,0.00,-0.00,0.00,0.01,0.01,0.00,0.01,0.00,0.00,0.01,0.00,0.00,0.00,0.00,0.00,0.00,0.00,0.00,-0.00,0.00,0.00,0.00,0.00,0.00,-0.00,0.00,0.01,0.01,0.00,-0.00,-0.50,-1.09,1.15,0.05,0.01,0.00,-0.00,0.00,-0.00,0.00,0.00,0.00,0.00,0.00,0.00,-0.00,-0.01,0.00,0.00,0.01,0.00,0.00,0.00,0.00,0.00,0.00,0.00,0.00,0.00,0.02,0.00,-0.01,-0.03,-0.21,-0.01,-0.07,-0.28,-0.16,-0.68,-0.17,-0.18,-0.00,-0.30,-0.00,-0.03,-0.00,-0.01,-1.86,-0.47,-0.42,0.35,0.01,-0.03,-0.02,-0.00,0.00,-0.73,-0.00,0.01,0.04,0.00,0.00,-0.00,-0.00,0.00,0.01,0.00,0.03,-0.00,0.00,0.00,0.00,0.01,-0.02,0.02,-0.02,0.01,-0.06,0.00,-0.00,-0.00,0.01,0.00,-0.00,0.00,0.00,0.00,0.00,0.00,-0.00,0.00,0.00,0.00,0.00,0.00,0.00,0.00,0.00,0.00,0.00,0.00,0.00,0.00,0.01,-0.01,-0.04,-0.01,-0.00,-0.00,0.01,0.00,0.00,0.00,0.00,0.00,0.00,0.00,-0.00,0.00,0.00,0.00,0.00,0.00,0.00,0.00,0.00,0.00,0.00,-0.00,0.00,0.00,0.00,0.00,0.00,0.00,0.00,0.00,0.00,-0.00,0.00,0.00,0.00,0.00,0.00,0.00,-0.00,0.00,0.00,0.00,-0.00,0.01,-0.00,0.00,-0.00,0.00,0.00,-0.00,0.00,0.00,0.00,0.00,0.00,0.00,0.00,0.00,0.00,0.00,-0.00,0.00,0.00,0.00,0.00,0.00,0.00,0.00,0.00,0.00,0.00,0.00,0.00,-0.01,-0.00,0.00,-0.00,0.00,0.00,0.00,0.00,0.00,0.00,0.00,0.00,0.00,0.00,0.00,0.00,-0.00,0.00,0.00,0.00,-0.00,0.00,0.00,0.00,0.00,0.00,0.00,0.00,0.00,0.00,0.00,0.00,0.00,0.00,-0.00,0.00,0.00,0.00,0.00,0.00,0.00,0.00,0.00,-0.00,0.00,0.00,0.00,0.00,0.00,0.01,0.00,0.01,-0.02,-0.01,-0.01,-0.03,-0.38,-0.00,0.03,0.18,-0.06,0.01,0.02,-0.33,0.05,-0.03,-0.02,0.01,0.01,0.02,0.00,-0.00,0.00,0.00,0.00,0.00,0.00,0.00,0.00,0.00,0.00,0.00,0.00,0.00,0.00,0.00,0.00,0.00,0.00,0.00,0.00,0.00,0.00,0.00,0.00,0.00,0.01,0.00,0.00,0.01,0.00,-0.00,0.00,0.01,-0.00,0.00,0.00,0.00,0.00,0.00,0.00,0.01,-0.00,0.00,0.00,0.00,-0.00,0.00,0.00,0.00,0.00,0.00,0.00,-0.00,0.00,0.00,0.00,0.00,0.00,0.00,0.00,0.00,0.00,0.00,0.00,0.00,0.00,0.00,0.00,0.01,0.00
pose005,-0.00,-0.01,0.00,0.00,-0.00,0.00,0.00,0.00,0.00,0.00,-0.00,0.00,0.00,0.00,0.00,0.00,-0.00,0.00,0.00,0.00,0.00,0.00,0.00,0.00,0.00,0.00,0.00,0.00,0.00,0.00,0.00,0.00,0.00,0.00,0.00,0.00,0.00,0.01,0.00,0.00,0.00,0.00,0.00,0.00,0.00,0.00,0.00,0.00,0.00,-0.00,0.00,0.00,0.00,-0.00,0.00,0.00,0.01,0.01,0.03,0.03,-0.06,-0.06,-0.04,0.06,0.00,0.00,0.00,0.00,0.00,0.00,0.00,0.00,0.00,0.00,0.00,0.00,-0.00,-0.00,0.00,0.00,0.05,-0.00,0.00,0.00,-0.00,0.00,0.00,0.00,-0.00,0.01,-0.06,-0.02,-0.03,-0.42,-0.26,-0.06,-0.10,-2.32,-0.05,-0.11,-0.93,-0.17,-0.00,0.02,0.00,0.00,0.00,0.01,-0.00,-0.00,-0.00,0.06,0.00,-0.01,-0.01,0.01,-0.02,-0.82,-0.17,-0.10,0.25,-0.01,-0.03,-0.36,0.00,-0.00,0.02,0.02,-0.37,-0.48,-0.05,-0.00,-0.00,-0.07,-0.01,-0.00,-0.00,0.01,-0.00,0.00,0.00,0.00,0.00,-0.00,0.00,0.00,0.00,0.00,0.00,0.00,0.00,0.00,0.00,0.00,0.00,0.00,0.00,0.00,0.00,0.00,0.00,0.00,0.00,0.00,0.00,0.00,-0.00,0.00,0.00,-0.00,0.00,0.00,0.00,0.00,0.00,0.00,0.00,0.00,-0.00,0.01,0.00,-0.00,0.00,0.00,0.00,0.00,0.00,0.00,0.00,0.00,0.00,-0.00,0.00,0.00,0.00,0.00,0.00,0.00,0.00,0.00,0.00,0.00,0.00,0.00,0.00,0.00,0.00,0.00,0.00,0.00,0.03,0.01,-0.00,0.00,0.00,0.00,0.00,0.00,0.00,0.00,0.00,-0.00,0.00,0.00,0.00,0.01,0.01,0.00,-0.00,0.00,0.01,0.00,0.01,0.00,0.02,0.00,0.00,0.01,0.00,-0.00,0.00,-0.00,0.00,0.00,-0.01,0.00,0.00,0.00,0.00,0.00,0.00,0.00,0.00,0.00,0.00,0.00,0.00,0.00,0.00,0.00,0.00,0.00,0.00,0.00,0.00,0.00,0.00,0.00,0.00,0.00,0.00,0.00,0.00,0.00,0.00,0.00,-0.00,0.00,0.00,0.00,-0.00,0.00,0.00,0.00,-0.00,0.00,-0.00,0.00,0.00,0.00,0.01,0.00,0.01,-0.01,-0.00,-0.00,-0.01,-0.00,0.01,0.01,0.12,0.00,0.01,0.01,-0.01,0.01,0.00,-0.00,0.00,0.00,0.00,0.00,0.00,0.00,0.00,0.00,0.00,0.00,0.00,0.00,0.00,0.00,0.00,0.00,0.00,0.00,0.00,-0.00,0.00,0.00,-0.00,0.00,0.00,0.00,0.00,0.00,0.00,0.00,0.00,0.00,0.00,0.00,0.00,0.00,0.00,0.00,0.00,0.00,0.00,-0.00,0.00,0.00,0.00,0.00,0.00,0.00,0.00,0.00,0.00,0.00,-0.00,0.00,-0.00,0.00,0.00,0.00,0.00,0.00,0.00,0.00,0.00,0.00,0.00,0.00,0.01,0.00,0.00,0.00,0.00,0.00,0.01,0.00
pose006,-0.00,-0.01,0.00,0.00,-0.00,0.00,0.00,0.00,0.00,0.00,0.00,0.00,0.00,0.00,0.00,0.00,-0.00,0.00,0.00,0.00,0.00,0.00,0.00,0.00,0.00,0.00,0.00,0.00,-0.00,0.00,0.00,0.00,0.00,0.00,0.00,0.00,0.00,0.01,0.00,0.00,0.00,-0.00,0.00,0.00,0.00,0.00,0.00,0.00,0.00,-0.00,0.00,0.00,0.00,0.00,0.00,-0.00,0.01,0.01,0.02,-0.02,-0.05,-0.08,-0.04,-0.03,0.01,0.00,0.00,0.00,0.00,0.00,0.00,0.00,0.00,0.00,0.00,0.00,-0.00,-0.00,0.00,0.00,0.05,0.00,0.00,0.00,-0.00,0.00,0.00,0.00,0.00,0.01,-0.03,-0.01,-0.02,-0.48,-0.21,-0.06,-0.10,-1.84,-0.13,0.19,-0.73,-0.14,0.00,0.01,0.00,0.00,-0.00,0.00,-0.02,-0.01,-0.02,0.08,0.00,-0.01,-0.00,0.00,0.02,-0.57,-0.24,-0.05,0.39,-0.01,-0.04,-0.54,0.00,-0.01,0.02,0.02,-0.26,-0.56,-0.10,-0.01,-0.01,-0.15,-0.00,-0.01,-0.00,0.01,-0.00,0.00,-0.00,0.00,0.00,0.00,0.00,0.00,0.00,0.00,0.00,0.00,0.00,0.00,0.00,0.00,0.00,0.00,0.00,0.00,0.00,0.00,0.00,0.00,0.00,0.00,0.00,-0.00,-0.00,0.00,0.00,0.00,0.00,0.00,0.00,0.00,0.00,0.00,0.00,0.00,0.00,0.00,0.00,0.00,0.00,0.00,0.00,0.00,0.00,0.00,0.00,0.00,0.00,0.00,0.00,0.00,0.00,0.01,0.00,0.00,0.00,0.00,0.00,0.00,0.00,0.00,0.00,0.00,0.00,0.00,0.00,0.00,0.02,0.01,0.00,0.00,0.00,0.00,0.00,0.00,0.00,0.00,0.00,0.00,0.00,0.00,0.00,0.01,0.01,0.00,-0.00,0.00,0.01,0.00,0.01,0.00,0.02,0.00,0.00,0.01,0.00,-0.00,0.00,0.00,0.00,0.00,-0.01,0.00,0.00,0.00,0.01,0.00,0.00,0.00,0.00,0.00,0.00,0.00,0.00,0.00,0.00,0.00,0.00,0.00,-0.00,0.00,0.00,0.00,0.00,0.00,0.00,0.00,0.00,-0.00,-0.00,0.00,0.00,0.00,0.00,0.00,0.00,-0.00,-0.00,0.00,0.00,0.00,0.00,-0.00,0.00,0.00,0.00,0.00,0.01,0.00,0.01,-0.01,-0.00,0.00,-0.00,-0.00,0.01,0.01,0.23,0.00,0.01,0.01,-0.02,0.01,0.00,-0.00,0.00,0.00,0.01,0.00,0.00,-0.00,-0.00,0.00,0.00,0.00,-0.00,0.00,0.00,0.00,0.00,0.00,0.00,0.00,0.00,0.00,0.00,0.00,-0.00,0.00,0.00,0.00,0.00,0.00,0.00,0.00,0.00,0.00,0.00,0.00,0.00,0.00,0.00,0.00,0.00,0.00,0.00,0.00,0.00,0.00,0.00,0.00,0.00,0.00,0.00,-0.00,0.00,0.00,0.00,0.00,0.00,0.00,0.00,0.00,0.00,0.00,0.00,0.00,0.00,0.00,0.00,-0.00,0.01,-0.00,0.00,0.00,0.00,0.00,0.01,0.00
pose007,-0.00,-0.01,-0.00,0.00,0.00,0.00,-0.00,0.00,0.00,0.00,0.00,0.00,0.00,0.00,0.00,0.00,0.00,0.00,0.00,0.00,0.00,0.00,0.00,0.00,0.00,0.00,0.00,0.00,0.00,0.00,0.00,0.00,-0.00,-0.00,0.00,0.00,0.00,0.01,0.00,0.00,0.00,-0.00,0.00,-0.00,0.00,0.00,0.00,0.00,0.00,0.00,0.00,0.00,0.00,0.00,0.00,0.00,0.00,0.01,0.01,-0.01,-0.02,-0.18,-0.04,0.04,0.00,0.00,0.00,0.00,0.00,0.00,0.00,0.00,0.00,0.00,0.00,0.00,0.00,-0.00,0.00,0.01,0.02,-0.00,0.00,0.00,-0.01,0.00,0.00,0.00,-0.00,0.00,-0.71,-0.06,-0.06,-0.64,-0.66,-0.10,-0.14,-1.97,-0.04,-0.09,-1.16,-0.08,0.00,0.02,0.00,0.01,0.00,0.01,-0.01,-0.01,0.00,0.05,0.00,-0.00,0.00,0.00,0.01,-0.22,-0.12,-0.01,0.01,-0.02,-0.01,-0.13,0.00,0.01,0.03,0.01,-0.32,-0.09,-0.01,0.00,-0.00,-0.04,-0.00,0.00,-0.00,0.01,-0.01,0.00,-0.00,0.00,0.00,0.00,0.00,0.00,0.00,0.00,0.00,0.00,0.00,0.00,0.00,0.00,0.00,0.00,0.00,0.00,0.00,0.00,0.00,0.00,-0.00,0.00,0.00,0.00,-0.00,-0.00,0.00,0.00,0.00,0.00,0.00,0.00,0.00,0.00,0.00,0.00,0.00,0.00,0.00,0.00,0.00,0.00,0.00,0.00,0.00,0.00,0.00,0.00,-0.00,0.00,0.00,0.00,0.00,0.00,0.00,0.00,0.00,0.00,0.00,0.00,0.00,0.00,0.00,0.00,0.00,0.00,0.00,0.00,0.02,0.01,-0.00,0.00,0.00,0.00,0.00,0.00,0.00,0.00,0.00,0.00,0.00,0.00,0.00,0.01,0.00,0.00,-0.00,0.00,0.01,0.00,0.01,0.00,0.01,0.00,0.00,0.00,0.00,-0.00,0.00,-0.00,0.00,0.00,-0.01,0.00,0.00,0.00,0.00,0.00,0.00,-0.00,0.00,0.00,0.00,0.00,0.00,0.00,0.00,0.00,0.00,0.00,0.00,-0.00,0.00,0.00,0.00,-0.00,0.00,0.00,0.00,0.00,0.00,0.00,0.00,0.00,0.00,0.00,0.00,0.00,-0.00,0.00,-0.00,0.00,-0.00,0.00,0.00,0.00,0.00,0.00,0.01,0.01,0.02,-0.03,-0.00,-0.00,-0.02,-0.01,0.01,0.02,0.24,0.01,0.01,0.01,-0.03,0.02,0.00,-0.00,0.00,0.00,0.01,0.00,0.00,0.00,0.00,0.00,0.00,0.00,0.00,0.00,0.00,0.00,0.00,0.00,0.00,0.00,0.00,0.00,0.00,0.00,0.00,0.00,0.00,0.00,0.00,0.00,0.00,0.00,0.00,0.00,0.00,0.00,0.00,0.00,0.00,-0.00,0.00,0.00,-0.00,0.00,0.00,0.00,0.00,-0.00,0.00,0.00,0.00,-0.00,0.00,0.00,0.00,0.00,0.00,0.00,0.00,0.00,0.00,0.00,0.00,0.00,0.00,0.00,0.00,0.00,0.01,0.00,0.00,0.00,0.00,0.00,0.01,0.00
pose008,-0.00,-0.01,0.00,0.00,0.00,0.00,0.00,0.00,0.00,0.00,0.00,-0.00,0.00,0.00,0.00,0.00,-0.00,-0.00,0.00,0.00,0.00,0.00,0.00,0.00,0.00,0.00,0.00,-0.00,0.00,0.00,-0.00,0.00,0.00,0.00,0.01,0.01,0.00,0.00,0.00,0.00,0.01,-0.00,-0.00,-0.00,0.00,-0.00,0.00,0.00,0.00,-0.00,0.00,0.00,0.00,0.00,0.00,-0.00,0.01,0.01,0.03,0.02,-0.06,-1.11,-1.38,2.06,-0.04,0.00,0.00,0.00,0.00,-0.00,0.00,0.00,0.00,0.00,0.00,0.01,-0.00,-0.01,0.00,0.01,0.01,-0.00,0.00,0.00,-0.00,0.00,0.00,0.00,0.00,0.00,0.03,-0.00,-0.02,-0.07,-0.12,-0.03,-0.14,-1.55,-0.26,-0.07,-0.73,-0.12,0.00,0.02,0.00,0.01,0.00,0.01,-0.07,-0.27,-0.29,0.10,0.00,-0.03,-0.03,-0.00,-0.03,-1.13,-0.15,-0.05,-0.20,-0.01,-0.01,-0.03,0.00,0.00,0.01,0.01,-0.06,-0.03,0.01,0.00,-0.00,-0.02,-0.04,0.03,-0.04,0.01,-0.04,0.00,-0.00,-0.00,0.01,0.00,-0.00,0.00,0.00,0.00,0.00,0.00,0.00,0.00,0.00,0.00,0.00,0.00,0.00,0.00,0.00,0.00,0.00,0.00,0.00,0.00,0.01,-0.00,-0.04,-0.01,-0.00,-0.00,0.01,0.00,0.00,0.00,0.00,0.00,0.00,0.00,-0.00,0.00,0.00,0.00,0.00,0.00,0.00,0.00,0.00,0.00,0.00,0.00,0.00,0.00,0.00,0.00,0.00,0.00,0.00,0.00,0.00,0.00,0.00,0.00,0.00,-0.00,0.00,0.00,0.00,0.00,0.00,0.00,0.01,0.01,-0.00,0.00,-0.00,0.00,0.00,0.00,0.00,0.00,0.00,0.00,-0.00,0.00,0.00,0.00,0.00,0.00,0.00,0.00,0.00,0.00,0.01,0.00,0.01,0.00,0.00,0.00,0.00,0.00,0.00,-0.00,-0.00,0.00,-0.00,-0.00,0.00,0.00,0.00,0.00,0.00,-0.00,0.00,0.00,0.00,0.00,0.00,0.00,0.00,0.00,0.00,0.00,0.00,0.00,0.00,0.00,0.00,0.00,0.00,0.00,0.00,0.00,0.00,0.00,0.00,0.00,0.00,0.00,0.00,0.00,-0.00,0.00,-0.00,0.00,-0.00,-0.00,0.00,0.00,0.00,0.00,0.01,0.00,0.01,-0.01,-0.00,0.00,-0.00,-0.00,0.01,0.02,0.25,0.00,0.01,0.03,-0.14,0.03,-0.00,-0.01,0.00,0.01,0.02,0.00,0.00,0.00,-0.00,0.00,0.00,0.00,0.00,0.00,0.00,0.00,0.00,0.00,0.00,0.00,0.00,0.00,0.00,0.00,0.00,0.00,0.00,0.00,0.00,0.00,0.00,0.01,0.00,0.00,0.01,0.00,-0.00,0.00,0.01,0.00,0.00,0.00,0.00,0.00,0.00,0.00,0.00,0.00,0.00,0.00,0.00,-0.00,0.00,0.00,-0.00,0.00,0.00,0.00,0.00,0.00,0.00,0.00,0.00,-0.00,0.00,0.00,0.00,0.00,0.00,0.00,0.00,0.00,0.00,0.00,0.01,0.00
pose009,-0.00,-0.01,0.00,0.00,0.00,0.01,0.00,-0.00,-0.00,0.00,0.00,0.00,0.00,0.01,0.00,0.00,-0.01,-0.00,0.00,0.00,0.00,0.00,0.00,0.00,0.00,0.00,0.00,0.00,0.00,0.00,0.00,0.00,-0.00,0.00,-0.00,0.00,0.00,0.00,0.00,0.00,0.01,0.00,0.00,0.00,0.00,-0.00,0.00,0.00,0.00,-0.00,0.00,0.00,0.00,0.00,0.00,-0.00,0.00,0.00,0.00,0.00,0.00,0.01,-0.03,-0.00,0.79,0.02,-0.02,-0.33,-1.38,-0.04,-0.01,0.03,0.01,0.02,-0.01,0.00,-0.01,-0.01,0.01,-0.01,0.01,0.00,0.00,0.00,-0.00,-0.00,0.00,0.00,0.00,0.00,0.00,0.00,0.00,0.00,-0.00,0.01,0.00,0.01,0.01,-0.01,0.00,0.00,0.00,0.01,0.00,0.00,0.00,-0.00,-0.03,-0.01,0.00,0.01,0.01,-0.00,0.00,0.00,0.00,0.00,0.00,0.00,0.00,0.00,0.00,0.00,0.00,0.00,0.00,-0.00,0.00,0.00,0.00,0.00,0.00,0.00,0.00,0.00,-0.00,0.02,-0.07,-0.07,-0.51,-0.08,2.84,-0.16,-0.02,-0.01,-0.10,0.01,0.00,0.01,0.01,0.00,0.00,0.00,0.00,0.00,0.00,0.00,0.00,0.00,0.00,0.00,0.00,-0.01,-0.13,0.00,-0.00,-0.02,-0.01,0.00,0.01,0.00,0.00,0.00,0.00,0.00,-0.00,0.00,0.00,0.00,0.00,0.00,0.00,0.00,0.00,0.00,0.00,0.00,0.00,0.00,-0.00,0.00,0.00,-0.00,0.00,0.00,0.00,0.00,0.00,0.00,0.00,0.00,0.00,0.00,0.00,0.00,0.00,0.00,0.00,0.00,0.00,0.00,0.00,0.00,0.00,-0.00,0.00,0.00,0.00,0.00,0.00,0.00,0.00,0.00,0.00,0.00,0.00,0.00,0.00,0.00,0.00,0.00,0.00,0.00,0.00,0.00,0.00,0.00,0.00,0.00,0.00,0.00,-0.00,0.00,0.00,0.00,0.00,0.00,0.00,0.00,0.00,0.00,0.00,0.00,0.00,0.00,0.00,0.00,0.00,0.00,0.00,0.00,0.00,0.00,0.00,0.00,0.00,0.00,0.00,0.00,0.01,-0.00,0.01,0.00,0.00,0.00,0.00,0.00,0.00,0.00,-0.00,0.00,-0.00,0.00,0.00,0.00,0.00,0.00,0.00,0.00,0.00,0.00,0.00,-0.00,0.00,-0.00,-0.01,-0.01,0.01,-0.08,-0.06,0.10,-0.75,-0.44,-0.44,-0.30,-0.40,-0.13,-0.08,-1.42,-0.52,0.00,-0.01,-0.01,-0.00,-0.00,0.00,-0.00,0.00,0.01,0.00,0.00,0.00,0.00,0.00,0.00,0.00,0.00,0.00,0.00,0.00,-0.00,-0.00,0.00,0.00,0.00,0.00,0.00,0.00,0.00,0.00,0.00,-0.00,0.00,0.00,0.00,0.00,0.01,0.00,-0.01,0.01,0.02,0.01,-0.02,0.04,0.01,0.00,-0.01,-0.00,0.00,0.00,-0.00,0.00,0.00,0.00,0.00,0.00,0.00,0.00,-0.00,0.00,0.00,0.00,0.00,0.00,0.00,0.00,0.00,0.00,0.00,0.01,0.00
pose010,-0.00,-0.01,0.00,0.00,0.00,0.00,0.00,0.00,0.00,0.00,0.00,0.00,0.00,0.00,0.00,0.00,-0.00,0.00,0.00,0.00,0.00,0.00,0.00,0.00,0.00,-0.00,0.00,0.00,0.00,0.00,-0.00,0.00,0.00,0.00,0.01,0.00,0.00,0.00,0.00,0.00,0.01,0.00,-0.00,-0.00,0.00,0.00,0.00,0.00,0.00,0.00,0.00,0.00,0.00,-0.00,0.00,-0.00,0.01,0.01,0.02,-0.04,-0.03,-0.81,-0.98,0.07,-0.03,0.00,0.00,0.00,0.00,-0.00,0.00,0.00,0.00,0.00,0.00,0.00,-0.00,-0.01,0.00,0.01,0.01,-0.00,0.00,0.00,-0.00,-0.00,0.00,0.00,0.00,0.00,0.02,-0.00,-0.02,-0.05,-0.16,-0.04,-0.09,-0.62,-0.33,-0.03,-0.56,-0.14,0.00,0.01,0.00,0.01,0.00,0.01,-0.69,-0.52,-0.33,0.10,0.00,-0.03,-0.02,-0.01,-0.03,-1.26,-0.14,-0.01,-0.11,-0.00,-0.00,-0.02,0.00,0.00,0.01,0.01,0.01,-0.02,0.01,0.00,-0.00,-0.01,-0.03,0.01,-0.03,0.01,-0.04,0.00,-0.00,0.00,0.01,0.00,0.00,0.00,0.00,0.00,0.00,0.00,0.00,0.00,0.00,0.00,0.00,0.00,0.00,0.00,0.00,0.00,0.00,0.00,0.00,0.00,0.00,-0.01,-0.04,-0.01,-0.00,-0.00,0.00,0.00,0.00,0.00,0.00,0.00,0.00,0.00,-0.00,0.00,0.00,0.00,-0.00,0.00,0.00,0.00,0.00,0.00,0.00,0.00,-0.00,0.00,0.00,0.00,0.00,0.00,0.00,0.00,-0.00,-0.00,0.00,0.00,0.00,0.00,0.00,0.00,-0.00,0.00,0.00,0.00,0.02,0.01,-0.00,0.00,0.00,0.00,0.00,-0.00,0.00,0.00,0.00,0.00,0.00,0.00,0.00,0.00,0.00,0.00,0.00,0.00,0.00,0.00,0.01,0.00,0.01,0.00,0.00,0.00,0.00,0.00,0.00,-0.00,0.00,0.00,-0.00,0.00,-0.00,-0.00,0.00,0.00,0.00,0.00,0.00,-0.00,0.00,0.00,0.00,0.00,0.00,-0.00,0.00,0.00,0.00,0.00,0.00,0.00,0.00,0.00,0.00,-0.00,-0.00,0.00,0.00,-0.00,0.00,0.00,0.00,0.00,-0.00,0.00,-0.00,-0.00,-0.00,0.00,-0.00,0.00,0.00,0.00,0.00,0.00,0.01,0.00,0.01,-0.01,-0.00,-0.00,-0.01,-0.01,0.01,0.02,0.30,-0.00,0.01,0.02,-0.24,-0.20,-0.02,-0.02,0.00,0.01,0.04,0.00,-0.00,0.00,0.00,0.00,0.00,0.00,-0.00,0.00,0.00,0.00,0.00,0.00,0.00,0.00,0.00,0.00,0.00,0.00,0.00,0.00,0.00,0.00,0.00,0.00,0.00,0.01,0.00,0.00,0.01,0.00,-0.00,0.00,0.01,0.00,0.00,0.00,0.00,0.00,0.00,0.00,0.00,0.00,0.00,0.00,0.00,0.00,0.00,0.00,-0.00,0.00,0.00,0.00,0.00,0.00,0.00,0.00,0.00,0.00,0.00,0.00,0.00,0.00,0.00,0.00,0.00,-0.00,0.00,0.00,0.01,0.00
